天水龍大神,九州・沖縄,九州・沖縄,SR,神秘,ill_16071_amasuiryuokami01,3
チューリップちゃん,中部,富山,N,名物,ill_4231_chulipchan01,3
尼子経久,中国・四国,島根,N,武人,ill_4581_amagotsunehisa01,3
養珠院,関東,東京,R,姫,ill_9441_youjuin01,3
【魔女っこ】海地獄ちゃん,九州・沖縄,九州・沖縄,SR,,ill_18781_majokkomijigokuchan01,3
アマテラス,無所属,無所属,SR,神秘,ill_1551_amaterasu01,3
辻月丹,近畿,近畿,HR,,ill_17871_tsujigettan01,3
鍛冶ヶ野の蛇,中国・四国,高知,HR,伝承,ill_6691_kajigayanohebi01,3
仙桃院,北海道・東北,北海道・東北,HN,姫,ill_2961_sentouin01,3
【歌人】小野小町,北海道・東北,北海道・東北,SR,,ill_19131_ononokomachi01,3
乃木希典,関東,関東,HR,武人,ill_14391_nogimaresuke01,3
伊能忠敬,関東,千葉,N,知性派,ill_6951_inoutadataka01,3
わんぱくお雑煮ちゃん,中国・四国,九州・沖縄,R,お雑煮,ill_9163_kyuushuuokinawanoozounichan03,3
トヨウケビメノミコト,近畿,近畿,HR,,ill_19831_toyokebimenomikoto01,3
一つ目入道,中部,新潟,N,妖怪,ill_3251_hitotsumenyudou01,3
おしずの神さん,北海道・東北,北海道・東北,HR,神秘,ill_16051_oshizunokamisan01,3
みかんワインちゃん,中部,中部,HR,,ill_19361_mikanwain01,3
木の葉天狗,中部,静岡,N,妖怪,ill_1351_konohatengu01,3
【１周年】辛口日本酒ちゃん,北海道・東北,北海道・東北,SR,,ill_17281_karakuchinihonshu01,3
直江兼続,北海道・東北,山形,R,武人,ill_381_naoekanetsugu01,3
勾玉ちゃん,関東,埼玉,N,名物,ill_801_magatamachan01,3
力士,関東,関東,HN,名物,ill_921_rikishi01,3
サキミタマ,関東,埼玉,HR,神秘,ill_821_sakimitama01,3
おたるワインちゃん,北海道・東北,北海道・東北,HR,,ill_19281_otaruwain01,3
橋姫,近畿,近畿,HN,伝承,ill_3771_hashihime01,3
【１周年】讃岐うどんちゃん,中国・四国,中国・四国,SR,,ill_17481_isshunensanukiudonchan01,3
【プリンセス】チューリップちゃん,中部,中部,HR,,ill_18801_purinsesuchurippuchan01,3
神田祭,関東,関東,HR,名物,ill_15261_kandasai01,3
金太郎,中部,中部,HR,伝承,ill_1121_kintarou01,3
知床,北海道・東北,北海道・東北,SR,,ill_16741_shiretoko01,3
葛の葉,近畿,大阪,SR,妖怪,ill_8241_kuzunoha01,3
伊藤博文,中国・四国,山口,R,偉人,ill_2161_itouhirobumi01,3
【１周年】紫式部,近畿,近畿,HR,,ill_17461_isshunenmurasakishikibu01,3
岡田以蔵,中国・四国,高知,HR,武人,ill_3041_okadaizou01,3
【大縄跳び】シッケンケン,中部,中部,HR,,ill_18731_onawatobishikkenken01,3
つんでれお雑煮ちゃん,関東,関東,R,お雑煮,ill_9123_kantounoozounichan03,3
獅子舞,中部,富山,R,名物,ill_8881_shishimai01,3
奈良鹿ちゃん,近畿,奈良,N,名物,ill_7731_narajikachan01,3
望月千代女,中部,長野,R,知性派,ill_4801_mochidukichiyome01,3
【１周年】濃姫,無所属,無所属,SSR,,ill_17341_isshunennohime01,3
【応援団長】イバラキヤンキー,関東,関東,HR,,ill_18721_oendanchoibarakiyanki01,3
足利尊氏,関東,関東,HR,武人,ill_3171_ashikagatakauji01,3
のたもちちゃん,中部,中部,HR,,ill_17881_notamochichan01,3
前田利家,中部,石川,R,武人,ill_1221_maedatoshiie01,3
【Xmas仕様】プラモちゃん,中部,中部,SR,,ill_21131_xmaspuramochan01,3
【バレンタイン】初芽局,近畿,近畿,HR,姫,ill_9781_valentine_hatsumenotsubone01,3
オオイカヅチノオオカミ,関東,関東,HR,,ill_18051_oikazuchinookami01,3
ずんだ餅ちゃん,北海道・東北,宮城,N,飲食,ill_411_zundamochichan01,3
【幼少】乙姫,関東,関東,HR,,ill_15701_yoshootohime01,3
宝石ちゃん,中部,山梨,HR,名物,ill_12581_housekichan01,3
【おとぎの国】白兎,中部,中部,HR,,ill_19041_otogibanashinoshirosagi01,3
海女,中国・四国,広島,HR,妖怪,ill_6461_umionna01,3
サンゴちゃん,無所属,無所属,SSR,名物,ill_16921_sangochan01,3
八幡神,九州・沖縄,九州・沖縄,HR,神秘,ill_13961_yahatanokami01,3
札幌ラーメンちゃん,北海道・東北,北海道,HR,飲食,ill_12491_sapporora-menchan01,3
アキアカネ,近畿,近畿,HR,,ill_18361_akiakane01,3
石田三成,近畿,滋賀,R,武人,ill_1591_ishidamitsunari01,3
棚橋弘至,中部,岐阜,SR,武人,ill_17211_tanahashihiroshi01,3
おてまる,関東,関東,HR,,ill_17821_otemaru01,3
コノハナサクヤヒメ,無所属,無所属,HR,神秘,ill_11861_konohanasakuyahime01,3
否哉,北海道・東北,宮城,HR,妖怪,ill_10081_iyaya01,3
万年筆ちゃん,関東,神奈川,HR,名物,ill_15841_mannenhitsuchan01,3
シーボルト,九州・沖縄,長崎,N,偉人,ill_2441_siebold01,3
リンゴちゃん,北海道・東北,青森,N,飲食,ill_201_ringochan01,3
化け鯨,中部,石川,N,妖怪,ill_3261_bakekujira01,3
おひなさま,無所属,無所属,SR,伝承,ill_791_ohinasama01,3
サツキちゃん,無所属,無所属,HR,名物,ill_15344_satsukichan04,3
イバラキヤンキー,関東,茨城,N,名物,ill_681_ibarakiyankee01,3
平将門,無所属,無所属,SR,武人,ill_841_tairanomasakado01,3
白川郷ちゃん,中部,中部,SR,,ill_18611_shirakawago01,3
讃岐うどんちゃん,中国・四国,香川,N,飲食,ill_3621_sanukiudonchan01,3
天草四郎,九州・沖縄,九州・沖縄,HR,偉人,ill_2271_amakusashirou01,3
ミヒカリヒメ,近畿,近畿,HR,,ill_18061_mihikarihime01,3
坂本龍馬,中国・四国,高知,R,偉人,ill_2231_sakamotoryoma01,3
あんず飴ちゃん,無所属,無所属,SSR,飲食,ill_16501_anzuamechan01,3
ニライカナイ,九州・沖縄,九州・沖縄,SR,伝承,ill_16331_niraikanai01,3
武蔵坊弁慶,近畿,和歌山,R,武人,ill_1751_musashiboubenkei01,3
【クリスマス】八岐大蛇の巫女,中国・四国,中国・四国,HR,,ill_21121_kuripayamatanorochinomiko01,3
極楽温鶏,九州・沖縄,九州・沖縄,SR,,ill_20061_gokurakuonkei01,3
徳姫,中部,中部,HR,姫,ill_9521_tokuhime01,3
仙台青葉祭り,北海道・東北,北海道・東北,HR,名物,ill_12891_sendaiaobamatsuri01,3
万里姫,北海道・東北,福島,R,姫,ill_3411_marihime01,3
隠し神,北海道・東北,北海道・東北,SR,,ill_15671_kakushigami01,3
氷輪,北海道・東北,北海道・東北,SR,,ill_17801_hyourin01,3
お祝い鯛,近畿,近畿,HR,飲食,ill_15951_oiwaitai01,3
ミヅハノメ,中部,中部,HR,神秘,ill_16001_mizuhanome01,3
【１周年】竹中半兵衛,中部,中部,HR,,ill_17441_isshunentakenakahanbee01,3
手筒花火さん,中部,中部,HR,名物,ill_16451_tezutsuhanabisan01,3
わんこきょうだい,北海道・東北,岩手,HR,名物,ill_15421_wankobrothers01,3
卑弥呼,無所属,無所属,SSR,偉人,ill_2261_himiko01,3
ボジョレーヌーボーちゃん,無所属,無所属,SSR,,ill_19251_bojorenubo01,3
狐の嫁入り,中部,中部,SR,伝承,ill_14441_kitsunenoyomeiri01,3
コイノミコト,九州・沖縄,九州・沖縄,SR,神秘,ill_14481_koinomikoto01,3
京和菓子ちゃん,近畿,近畿,SR,飲食,ill_17001_kyowagashichan01,3
からしレンコンちゃん,九州・沖縄,九州・沖縄,HR,飲食,ill_6821_karashirenkonchan01,3
出雲大社,中国・四国,中国・四国,SR,,ill_18621_izumotaisha01,3
バレンタインちゃんず,無所属,無所属,SR,名物,ill_14261_barentaintyanzu01,3
禰津夫人,中部,長野,HR,姫,ill_9551_nezuhujinn01,3
乙姫,関東,関東,HR,伝承,ill_541_otohime01,3
戦乙女,無所属,無所属,R,神秘,ill_3681_ikusaotome01,3
真珠ちゃん,近畿,三重,N,名物,ill_7701_shinjuchan01,3
ククリヒメノカミ,中部,中部,SR,,ill_18031_kukurihimenokami01,3
ビードロ細工ちゃん,九州・沖縄,長崎,N,名物,ill_2411_biidorozaikuchan01,3
【バレンタイン】乙姫,関東,関東,SR,姫,ill_9741_valentine_otohime01,3
ラムネちゃん,近畿,近畿,SR,飲食,ill_16801_ramunechan01,3
博多美人,九州・沖縄,福岡,N,名物,ill_2241_hakatabijin01,3
那須与一,関東,栃木,R,武人,ill_601_nasunoyoichi01,3
春日局,関東,関東,HR,知性派,ill_8751_kasuganotsubone01,3
クラーク,北海道・東北,北海道・東北,HN,偉人,ill_151_clark01,3
村上水軍,中国・四国,中国・四国,HN,武人,ill_2081_piratemurakami01,3
ねね,中部,愛知,R,姫,ill_2981_nene01,3
ジーンズちゃん,中国・四国,岡山,HR,名物,ill_15871_jeanschan01,3
お年玉招き雀,特殊素材,特殊素材,R,,ill_100221_otoshidamamanekisuzume01,3
大姫,関東,関東,HR,姫,ill_14301_ohime01,3
不知火,九州・沖縄,佐賀,R,妖怪,ill_2381_shiranui01,3
甘口日本酒ちゃん,中部,中部,HR,飲食,ill_13331_amakuchinihonshuchan01,3
ジャンヌ・ダルク,無所属,無所属,SR,不明,ill_2891_jeannedarc01,3
エゾシカちゃん,北海道・東北,北海道,N,名物,ill_111_ezoshikachan01,3
由布姫,中部,長野,R,姫,ill_1261_yuhime01,3
辛口日本酒ちゃん,北海道・東北,北海道・東北,SR,飲食,ill_13291_karakuchinihonshuchan01,3
黒川能王祇祭,北海道・東北,山形,R,不明,ill_9731_kurokawanouougisai01,3
おりょう,九州・沖縄,宮崎,N,姫,ill_3421_oryou01,3
駒姫,北海道・東北,山形,R,不明,,3
ホヤウカムイ,北海道・東北,北海道・東北,SR,神秘,ill_11811_hoyaukamui01,3
平賀源内,中国・四国,香川,R,偉人,ill_3151_hiragagennai01,3
樋口一葉,関東,関東,HR,,ill_7121_higuchiichiyo01,3
近江商人,近畿,滋賀,HR,名物,ill_12591_oumisyounin01,3
紫式部,近畿,京都,R,知性派,ill_3181_murasakishikibu01,3
アキタイヌくん,北海道・東北,秋田,N,名物,ill_571_akitainukun01,3
鬼恋節分祭,関東,群馬,HR,名物,ill_9751_onikoisetubunsai01,3
シャトーカミヤさん,関東,関東,HR,,ill_19291_shatokamiya01,3
イヅナ,中部,中部,HN,妖怪,ill_1131_idsuna01,3
夜雀,中国・四国,高知,N,妖怪,ill_2201_yosuzume01,3
【アナウンサー】竹内由恵,関東,東京,HR,神秘,ill_15001_takeuchiyoshei_announcer01,3
鬼熊,中部,長野,N,妖怪,ill_1231_onikuma01,3
佐保姫,無所属,無所属,HR,,ill_1761_sahohime01,3
龍燈,中国・四国,中国・四国,HR,妖怪,ill_16641_ryuto01,3
引きちぎり,近畿,近畿,R,不明,ill_12461_hikichigiri01,3
お遍路さん,中国・四国,中国・四国,HN,名物,ill_2051_ohenrosan01,3
巫女様,無所属,無所属,HR,名物,ill_9061_mikosama01,3
【１周年】こいのぼりちゃん,関東,関東,HR,,ill_17291_koinoborichanisshunen01,3
博多どんたく,九州・沖縄,九州・沖縄,SR,名物,ill_15301_hakatadontaku01,3
虎舞,北海道・東北,岩手,HR,,ill_14811_toramai01,3
石川啄木,北海道・東北,岩手,R,知性派,ill_251_ishikawatakuboku01,3
芦別獅子,北海道・東北,北海道,N,名物,ill_3211_ashibetsushishi01,3
白ワインちゃん,北海道・東北,北海道・東北,SR,,ill_18331_shirowainchan01,3
雪女郎,近畿,近畿,HR,伝承,ill_15641_yukijoro01,3
天邪鬼,中国・四国,広島,HR,妖怪,ill_10171_amanojyaku01,3
真田幸村,中部,中部,SR,武人,ill_1281_sanadayukimura01,3
レインボーブリッジちゃん,関東,関東,SR,,ill_18541_reimboburijjichan01,3
桃太郎,中国・四国,岡山,R,伝承,ill_2071_momotarou01,3
戸次鑑連,九州・沖縄,大分,HR,武人,ill_4111_bekkiakitsura01,3
山本勘助,中部,山梨,R,武人,ill_4691_yamamotokansuke01,3
【鬼怒川温泉】玉藻前,関東,関東,SR,,ill_19651_kinunumaonsentamamonomae01,3
お市の方,中部,福井,R,姫,ill_1681_oichinokata01,3
夜なきうどん,中国・四国,高知,R,不明,,3
京美人,近畿,近畿,HR,名物,ill_9711_kyobijin01,3
舞妓さん,近畿,京都,N,名物,ill_1841_maikosan01,3
【アイヌサンタ】イワコシンプ,北海道・東北,北海道・東北,HR,,ill_20281_ainusantaiwakoshimpu01,3
煤け提灯,中部,中部,HR,妖怪,ill_14501_susukechochin01,3
勝沼ワインちゃん,中部,中部,SR,,ill_19261_katsunumawain01,3
夏ミカンちゃん,中国・四国,中国・四国,HR,飲食,ill_16821_natsumikanchan01,3
アメノハヅチノオノカミ,無所属,無所属,SSR,,ill_19801_amenohazuchinonokami01,3
ミカヨリヒメ,九州・沖縄,九州・沖縄,HR,偉人,ill_51_mikayorihime01,3
岡本天明,中国・四国,中国・四国,SR,,ill_19901_okamototemmei01,3
五月サムライ,関東,埼玉,N,名物,ill_811_maysamurai01,3
【クリスマス】伊達政宗,無所属,無所属,SR,武人,ill_8971_xmasdatemasamune01,3
父の日ちゃん,無所属,無所属,HR,名物,ill_15881_chichinohichan01,3
こいのぼりちゃん,関東,群馬,HR,名物,ill_781_koinoborichan01,3
楠本イネ,九州・沖縄,長崎,R,知性派,ill_5241_kusumotoine01,3
信玄ソフトちゃん,中部,中部,SR,飲食,ill_14951_shingensofutochan01,3
ユキウサギちゃん,北海道・東北,北海道・東北,HN,名物,ill_141_yukiusagichan01,3
神社姫,九州・沖縄,九州・沖縄,SR,妖怪,ill_16651_jinjahime01,3
イヴと蛇,無所属,無所属,SR,神秘,ill_9001_ibutohebi01,3
【クリスマスケーキ】とちおとめちゃん,関東,関東,HR,,ill_20291_kurisumasukekitochiotomechan01,3
オオヤマツミ,中国・四国,愛媛,R,神秘,ill_1241_ooyamatsumi01,3
鳴門の渦潮ちゃん,中国・四国,徳島,N,名物,ill_4261_narutonouzusiochan01,3
阿波踊り,中国・四国,徳島,N,名物,ill_2191_awaodori01,3
五稜郭さん,北海道・東北,北海道・東北,HR,,ill_18631_goryokakusan01,3
【幼少】桃太郎,中国・四国,中国・四国,HR,伝承,ill_15721_yoshomomotaro01,3
影女,北海道・東北,北海道・東北,HR,妖怪,ill_371_kageonna01,3
国姫,九州・沖縄,九州・沖縄,HR,姫,ill_14321_kunihime01,3
後桜町天皇,無所属,無所属,SSR,,ill_19081_gosakuramachitenno01,3
フルーツポンチちゃん,無所属,無所属,SSR,,ill_18401_furutsuponchichan01,3
グラバー,九州・沖縄,長崎,R,知性派,ill_2431_gurabaa01,3
マタギ,北海道・東北,青森,N,名物,ill_11_matagi01,3
シーサー,九州・沖縄,沖縄,N,名物,ill_2531_shisa01,3
箱根温泉ちゃん,関東,関東,SR,,ill_19491_hakoneonsenchan01,3
山神様,無所属,無所属,SSR,,ill_17641_yamagamisama01,3
盛岡さんさ踊り,北海道・東北,岩手,HR,名物,ill_10411_moriokasansaodori01,3
金霊,関東,千葉,N,神秘,ill_871_kanedama01,3
【１周年】ねね,中部,中部,SR,,ill_17431_isshunennene01,3
ムィティチゴロ,九州・沖縄,鹿児島,N,妖怪,ill_2491_muitichigoro01,3
クリスマス棋士,北海道・東北,北海道・東北,SR,,ill_22311_kurisumasukishi01,3
籠池の狐,近畿,大阪,R,不明,ill_12111_kagoikenokitsune01,3
えびふりゃあちゃん,中部,愛知,N,飲食,ill_5401_ebihuryachan01,3
雷神,無所属,無所属,SR,神秘,ill_5021_raijin01,3
日本舞踊,無所属,無所属,SSR,,ill_19561_nihombuyo01,3
幸姫,北海道・東北,北海道・東北,HR,姫,ill_16101_yoshihime01,3
トゥスクル,北海道・東北,北海道,HR,,ill_191_tolusukuru01,3
筒井順慶,近畿,奈良,N,武人,ill_7081_tsutsuijunkei01,3
夏目未央 ﾕｷｳｻｷﾞver,関東,東京,SR,名物,ill_17601_natsumemio_yukiusagi01,3
キンマモン,九州・沖縄,九州・沖縄,SR,,ill_18041_kimmamon01,3
お月見泥棒,無所属,無所属,R,名物,ill_7931_otsukimidorobou01,3
ハチコウ,関東,東京,N,名物,ill_931_hachikou01,3
郡山うねめまつり,北海道・東北,北海道・東北,HR,名物,ill_10481_koriyamaunemematsuri01,3
【おとぎの国】アリス,無所属,無所属,SSR,,ill_19001_arisuotogibanashibajon01,3
美女杉,中部,富山,R,不明,,3
清泰院,中部,中部,HR,姫,ill_14291_seitaiin01,3
【播州】お菊,近畿,近畿,HR,,ill_15791_banshu_okiku01,3
ぬらりひょん,中国・四国,中国・四国,SR,妖怪,ill_16681_nurarihyon01,3
推古天皇,近畿,近畿,SR,偉人,ill_14021_suikotenno01,3
宮沢賢治,北海道・東北,岩手,R,知性派,ill_271_miyazawakenji01,3
紅葉,無所属,無所属,SSR,,ill_18321_koyo01,3
風魔小太郎,関東,神奈川,HR,知性派,ill_1041_fuumakotarou01,3
濡れ女,無所属,無所属,N,妖怪,ill_4311_nureonna01,3
井上毅,九州・沖縄,九州・沖縄,HR,知性派,ill_14041_inoekowashi01,3
四万十川の屋形船,中国・四国,中国・四国,HR,名物,ill_17021_shimantogawanoyakatabune01,3
山あげ祭,関東,関東,HR,名物,ill_16271_yamaagematsuri01,3
【ユニフォーム】竹内由恵,関東,東京,HR,姫,ill_14991_takeuchiyoshie_uniform01,3
【小悪魔】荻野吟子,関東,関東,SR,,ill_18771_koakumaoginoginko01,3
熊野筆ちゃん,中国・四国,広島,HR,名物,ill_5011_kumanofudechan01,3
山名豊国,中国・四国,鳥取,R,武人,ill_7751_yamanatoyokuni01,3
ひるぜん焼きそばちゃん,中国・四国,中国・四国,HR,飲食,ill_16521_hiruzenyakisobachan01,3
富士山,無所属,無所属,SR,名物,ill_16583_fujisan03,5
筒姫,無所属,無所属,HR,,ill_1781_tsutsuhime01,3
佐々木助三郎,関東,茨城,R,武人,ill_721_sasakisukesaburou01,3
オサビ,九州・沖縄,九州・沖縄,HR,妖怪,ill_14541_osabi01,3
宇喜多直家,中国・四国,中国・四国,HR,武人,ill_4491_ukitanaoie01,3
山そばちゃん,関東,関東,HR,,ill_20081_yamasobachan01,3
どさんこちゃん,北海道・東北,北海道・東北,HR,,ill_18111_dosankochan01,3
【クリスマス】愛姫,無所属,無所属,SR,姫,ill_8981_xmasmegohime01,3
立花誾千代,九州・沖縄,大分,R,姫,ill_5941_tachibanaginchiyo01,3
【海開き】アキバメイド,関東,関東,HR,名物,ill_16341_umibirakiakibameido01,3
北畠具教,近畿,近畿,HR,武人,ill_4811_kitabataketomonori01,3
フグ刺しちゃん,中国・四国,山口,N,飲食,ill_6471_hugusashichan01,3
きりたんぽちゃん,北海道・東北,北海道・東北,SR,,ill_5701_kiritampochan01,3
ワイン風呂ちゃん,無所属,無所属,SSR,,ill_19331_waimburo01,3
鶴姫,中国・四国,愛媛,N,伝承,ill_3841_tsuruhime01,3
奉納蹴鞠大会,中国・四国,香川,HR,伝承,ill_14311_hounoukemaritaikai01,3
アキタコマチちゃん,北海道・東北,秋田,R,飲食,ill_321_akitakomachichan01,3
桜やぶさめ,北海道・東北,青森,HR,名物,ill_13211_sakurayabusame01,3
アカルヒメノカミ,無所属,無所属,SSR,,ill_18021_akaruhimenokami01,3
枕返し,関東,栃木,R,妖怪,ill_4041_makuragaeshi01,3
夕張メロンさん,北海道・東北,北海道・東北,HR,,ill_18431_yubarimeronsan01,3
ハープ奏者,中部,福井,N,名物,ill_1611_hurpsousya01,3
カーミラ,無所属,無所属,SR,,ill_2821_carmilla01,3
丑の刻参り,近畿,近畿,HR,伝承,ill_17081_ushinokokumairi01,3
東洲斎写楽,中国・四国,中国・四国,SR,偉人,ill_3551_toushuusaisharaku01,3
神武天皇,無所属,無所属,SR,偉人,ill_5221_jinmutennou01,3
桂蔵坊,中国・四国,鳥取,N,妖怪,ill_3651_keizoubou01,3
ビジンサマ,中部,長野,N,神秘,ill_2331_bijinsama01,3
額田王,近畿,近畿,HR,知性派,ill_6901_nukatanookimi01,3
勝海舟,関東,関東,HR,偉人,ill_501_katsukaisyuu01,3
姫路城,近畿,近畿,SR,,ill_17181_himejijo01,3
小宰相,中国・四国,徳島,HR,姫,ill_6571_kozaisyou01,3
赤神と黒神,北海道・東北,北海道・東北,SR,伝承,ill_3711_akagamitokurokami01,3
一反木綿,九州・沖縄,鹿児島,N,妖怪,ill_4471_ittanmomen01,3
くくり雛祭り,北海道・東北,北海道・東北,R,伝承,ill_12431_kukurihinamatsuri01,3
石川五ェ門,無所属,無所属,R,不明,ill_14621_ishikawagoemon01,3
茨木童子,近畿,京都,HR,妖怪,ill_8591_ibarakidouji01,3
【１周年】桃太郎,中国・四国,中国・四国,HR,,ill_17491_isshunenmomotarou01,3
プラモちゃん,中部,静岡,R,名物,ill_1381_puramochan01,3
嵐山ちゃん,近畿,近畿,HR,,ill_18561_arashiyamachan01,3
蝶々夫人,九州・沖縄,長崎,HR,伝承,ill_2451_chouchoufujin01,3
クリスマスソックスちゃん,近畿,近畿,HR,,ill_20541_kurisumasusokkusuchan01,3
【クリスマス】たこ焼きちゃん,近畿,近畿,SR,,ill_20271_kuripatakoyakichan01,3
ルパン三世,無所属,無所属,R,不明,ill_14561_rupansansei01,3
【聖夜】赤レンガ倉庫ちゃん,関東,関東,SR,,ill_20431_seiyaakarengasokochan01,3
清水宗治,中国・四国,岡山,N,武人,ill_4511_shimizumuneharu01,3
浪士,無所属,無所属,N,武人,ill_831_roushi01,3
ヤマタノオロチ,中国・四国,中国・四国,SR,伝承,ill_6731_yamatanoorochi01,3
アヤカシ,中国・四国,山口,N,妖怪,ill_2151_ayakashi01,3
囲碁の精,関東,東京,R,妖怪,ill_8841_igonosei01,3
おやきちゃん,中部,中部,HR,飲食,ill_15071_oyakichan01,3
冬姫,中部,岐阜,R,不明,,3
コウガサブロウ,中部,中部,SR,,ill_19821_kogasaburo01,3
狒々,中部,中部,HR,妖怪,ill_9971_hihi01,3
トビウオちゃん,九州・沖縄,九州・沖縄,R,名物,ill_6701_tobiuochan01,3
【海のクリスマス】乙姫,無所属,無所属,SSR,,ill_21111_uminokurisumasuotohime01,3
奥飛騨温泉ちゃん,中部,中部,HR,,ill_19531_okuhidaonsenchan01,3
小松姫,中部,長野,N,姫,ill_3631_komatsuhime01,3
白鳥美麗,無所属,無所属,SP,,ill_12741_shiratorimireisecond01,3
【黒騎士】ジャンヌ・ダルク,無所属,無所属,SSR,,ill_18761_kurokishijannudaruku01,3
島隆,関東,群馬,R,偉人,ill_14161_shimaryuu01,3
お岩さん,関東,関東,SR,妖怪,ill_17061_oiwasan01,3
夜刀神,関東,茨城,R,神秘,ill_7781_yatonokami01,3
芋焼酎ちゃん,中国・四国,徳島,HR,飲食,ill_13371_imojouchuuchan01,3
ダキ,九州・沖縄,佐賀,N,妖怪,ill_2371_daki01,3
三人官女,無所属,無所属,HR,伝承,ill_12421_sanninkanjo01,3
茶摘み娘,中部,静岡,N,飲食,ill_1341_chatsumimusume01,3
九頭竜,関東,関東,SR,神秘,ill_16121_kuzuryu01,3
ツクモガミ,無所属,無所属,SSR,,ill_19881_tsukumogami01,3
伊賀忍者,近畿,三重,N,知性派,ill_1731_iganinja01,3
日本の遺跡ちゃん,無所属,無所属,SSR,,ill_18601_nihonnoiseki01,3
女郎蜘蛛,北海道・東北,宮城,N,妖怪,ill_3271_jorougumo01,3
【チアリーダー】玉藻前,無所属,無所属,SSR,,ill_18681_chiaridatamamomae01,3
黒薙温泉の大蜘蛛,中部,富山,HR,妖怪,ill_14181_kuronagionsennooogumo01,3
琉球王国,九州・沖縄,九州・沖縄,SR,,ill_16761_ryukyuokoku01,3
目競,近畿,兵庫,N,妖怪,ill_5161_mekurabe01,3
ヘンゼルとグレーテル,無所属,無所属,HR,伝承,ill_9611_henzerutogureteru01,3
甲斐姫,関東,埼玉,N,姫,ill_3281_kaihime01,3
韋駄天,無所属,無所属,SR,不明,ill_1491_idaten01,3
ナキサワメ,近畿,奈良,R,神秘,ill_10041_nakisawame01,3
川姫,九州・沖縄,福岡,HR,妖怪,ill_3661_kawahime01,3
【１周年】ビードロ細工ちゃん,九州・沖縄,九州・沖縄,SR,,ill_17541_isshunenbiidorozaikuchan01,3
土蜘蛛,近畿,奈良,R,妖怪,ill_1511_tsutigumo01,3
加藤清正,九州・沖縄,九州・沖縄,HR,,ill_4051_katoukiyomasa01,3
トヨタマヒメ,無所属,無所属,HR,神秘,ill_8641_toyotamahime01,3
【バレンタイン】坂本龍馬,中国・四国,中国・四国,HR,妖怪,ill_9801_valentine_sakamotoryouma01,3
ワダツミ,九州・沖縄,九州・沖縄,HR,神秘,ill_2281_wadatsumi01,3
オサキギツネ,無所属,無所属,N,妖怪,ill_481_osakigitune01,3
鬼八伝説,九州・沖縄,宮崎,R,伝承,ill_4061_kihachidensetsu01,3
【海開き】フグ刺しちゃん,中国・四国,中国・四国,HR,飲食,ill_16361_umibirakifugusashichan01,3
藤原薬子,近畿,奈良,HR,姫,ill_6451_fujiwaranokusuko01,3
桃酒ちゃん,中国・四国,中国・四国,HR,飲食,ill_13301_momoshu01,3
彦星,無所属,無所属,SR,神秘,ill_16401_hikoboshi01,3
博多人形,九州・沖縄,福岡,N,名物,ill_2301_hakataningyou01,3
卯子酉様,北海道・東北,北海道・東北,SR,神秘,ill_3921_unedorisama01,3
金森徳次郎,中部,中部,HR,知性派,ill_14061_kanamoritokujiro01,3
浅川の花火ちゃん,北海道・東北,北海道・東北,HR,名物,ill_16431_asakawanohanabichan01,3
甲賀くノ一,近畿,滋賀,N,姫,ill_3441_kougakunoichi01,3
たこ焼きちゃん,近畿,大阪,N,飲食,ill_8001_takoyakichan01,3
護摩木まき,九州・沖縄,熊本,SR,名物,ill_9831_gomagimaki01,3
住吉大神,近畿,近畿,SR,神秘,ill_13941_sumiyoshitaishin01,3
笠鉾ちゃん,関東,関東,SR,名物,ill_16231_kasabokochan01,3
白神山地,北海道・東北,北海道・東北,SR,,ill_18531_shirakamisanchi01,3
東郷平八郎,九州・沖縄,鹿児島,R,偉人,ill_2521_tougouheihachirou01,3
愛宕権現,近畿,近畿,SR,,ill_20051_atagogongen01,3
白うねり,無所属,無所属,HR,妖怪,ill_13651_shirouneri01,3
【CM記念】お市の方,無所属,無所属,SR,姫,ill_8361_cmoichinokata01,3
月のうさぎ,無所属,無所属,SSR,,ill_17861_tsukinousagi01,3
【海開き】乙姫,無所属,無所属,SSR,伝承,ill_16301_umibirakiotohime01,3
【幼少】カグヤ,近畿,近畿,HR,伝承,ill_15711_yoshokaguya01,3
おとんじょろう,中国・四国,鳥取,N,妖怪,ill_3641_otonjouro01,3
アテルイ,北海道・東北,北海道・東北,HR,偉人,ill_291_aterui01,3
【露天で一杯】辛口甘口日本酒ちゃん,無所属,無所属,SSR,,ill_19641_rotendeippaikarakuchiamakuchinihonshu01,3
吉田麻也,無所属,無所属,SR,武人,ill_14961_yoshidamaya01,3
青柏祭,中部,中部,HR,名物,ill_15271_seihakusai01,3
松尾芭蕉,近畿,近畿,HN,偉人,ill_1721_matsuobashou01,3
天満宮狛犬,北海道・東北,岩手,HR,名物,ill_14741_tennmannguukomainu01,3
キウイフルーツちゃん,中国・四国,中国・四国,SR,,ill_18421_kiuifurutsuchan01,3
瀬古の流星ちゃん,近畿,近畿,HR,名物,ill_16461_sekonoryuseichan01,3
細川幽斎,九州・沖縄,熊本,R,武人,ill_6881_hosokawayuusai01,3
九条武子,近畿,近畿,HR,知性派,ill_11691_kujoutakeko01,3
シッケンケン,中部,中部,HN,妖怪,ill_7401_shikkeken01,3
精霊風,九州・沖縄,長崎,N,妖怪,ill_2421_syouroukaze01,3
油すまし,九州・沖縄,熊本,N,妖怪,ill_4981_aburasumashi01,3
朧月,無所属,無所属,SSR,,ill_17791_oborozuki01,3
【騎馬戦】宗像三女神,九州・沖縄,九州・沖縄,SR,,ill_18691_kibasemmunakatasanjojin01,3
池田せん,中部,中部,SR,武人,ill_15891_ikedasen01,3
梅ワインくん,近畿,近畿,HR,,ill_19371_umewain01,3
わくわくお雑煮ちゃんず,無所属,無所属,R,お雑煮,ill_13151_wakuwakuozounichan01,3
節分豆ちゃん,無所属,無所属,R,飲食,ill_9701_setubunmametyan01,3
ムツゴロウ,九州・沖縄,佐賀,N,飲食,ill_2361_mutsugorou01,3
伴信友,中部,中部,HR,,ill_19921_motorinorinaga01,3
伊達成実,北海道・東北,宮城,R,武人,ill_7061_dateshigezane01,3
足利義昭,近畿,京都,HR,武人,ill_4871_ashikagayoshiaki01,3
【キャンドル】不知火,無所属,無所属,SSR,,ill_22301_kyandorushiranui01,3
伊東マンショ,九州・沖縄,宮崎,N,知性派,ill_4621_itoumansho01,3
タコライスちゃん,九州・沖縄,九州・沖縄,SR,飲食,ill_16511_takoraisuchan01,3
おとら狐,中部,愛知,N,妖怪,ill_5431_otoragitsune01,3
浅草の雷門,関東,関東,SR,,ill_16751_asakusanoraimon01,3
秋月種時,九州・沖縄,九州・沖縄,SR,,ill_17931_akizukitanetoki01,3
ブドウちゃん,中部,山梨,N,飲食,ill_1301_budouchan01,3
【クリスマス】ビードロ細工ちゃん,九州・沖縄,九州・沖縄,SR,,ill_22321_kurisumasubidorozaikuchan01,3
お内裏さま,無所属,無所属,HR,伝承,ill_12411_odairisama01,3
円融院,中国・四国,中国・四国,SR,姫,ill_16091_enyuin01,3
琉球舞踊,九州・沖縄,九州・沖縄,SR,,ill_19581_ryukyubuyo01,3
磯良,中国・四国,岡山,N,妖怪,ill_3851_isora01,3
奥村左近太,中国・四国,岡山,R,武人,ill_6741_okumurasakonta01,3
お節料理ちゃん,無所属,無所属,SR,不明,ill_9101_osetiryourichan01,3
空っ風,関東,群馬,N,名物,ill_671_karakaze01,3
オロチの武者,中国・四国,中国・四国,HR,武人,ill_2131_orochinomusha01,3
【ICPO】銭形警部,無所属,無所属,HR,名物,ill_14651_icpozenigatakeibu01,3
伊達政宗,北海道・東北,北海道・東北,SR,武人,ill_71_datemasamune01,3
遺念火,九州・沖縄,九州・沖縄,SR,妖怪,ill_12651_inenbi01,3
【妖艶】濃姫,無所属,無所属,SR,姫,ill_12695_yoennohime05,5
はりきりお雑煮ちゃん,近畿,近畿,R,お雑煮,ill_9143_kinkinoozounichan03,3
神名火山,中国・四国,中国・四国,HR,,ill_20091_kannabiyama01,3
オオクニヌシ,中国・四国,中国・四国,HR,神秘,ill_5311_okuninushi01,3
織姫,無所属,無所属,SR,神秘,ill_16391_orihime01,3
雨おんば,中部,中部,HR,妖怪,ill_14511_ameomba01,3
広島風お好み焼きちゃん,中国・四国,広島,N,飲食,ill_3981_hiroshimahuokonomiyakichan01,3
ウグイス,無所属,無所属,HR,名物,ill_16601_uguisu01,3
棋士,北海道・東北,山形,N,知性派,ill_361_kishi01,3
ザン,九州・沖縄,沖縄,N,妖怪,ill_3811_zan01,3
八岐大蛇の巫女,中国・四国,島根,R,妖怪,ill_4551_yamatanoorochinomiko01,3
メロス,無所属,無所属,R,伝承,ill_221_merosu01,3
天狐,無所属,無所属,SSR,妖怪,ill_11551_tenko01,3
山手殿,中部,長野,HR,姫,ill_9451_yamanotedono01,3
【ハードボイルド】次元大介,無所属,無所属,HR,武人,ill_14611_ha-doboirudojigendaisuke01,3
妙音弁財天,関東,関東,SR,神秘,ill_6661_myououbenzaiten01,3
妙林尼,九州・沖縄,九州・沖縄,SR,武人,ill_15741_myorinni01,3
蜂須賀至鎮,中国・四国,徳島,N,武人,ill_4291_hachisukayoshishige01,3
陶晴賢,中国・四国,山口,R,武人,ill_7091_sueharukata01,3
孝女白菊,九州・沖縄,熊本,N,伝承,ill_4081_koujosiragiku01,3
乳授姫大神,北海道・東北,北海道・東北,HR,神秘,ill_15981_chichisazukehimenookami01,3
ニホンオオカミちゃん,無所属,無所属,SSR,,ill_17951_nihonokamichan01,3
【おとぎの国】白のナイト,近畿,近畿,SR,,ill_19011_shirononaito01,3
姉倉比売,中部,富山,N,神秘,ill_6761_anekurahime01,3
【Xmas】トナカイ,北海道・東北,北海道・東北,HR,,ill_20521_xmastonakai01,3
【あわてんぼう】サンタクロース,無所属,無所属,SSR,,ill_20491_xmassantakurosu01,3
秘伝のスープ,無所属,無所属,HR,飲食,ill_100261_hidennosu-pu01,3
赤井輝子,関東,関東,HR,武人,ill_15771_akaiteruko01,3
与謝野晶子,近畿,大阪,N,知性派,ill_6911_yosanoakiko01,3
【層雲峡温泉】エゾシカちゃん,北海道・東北,北海道・東北,HR,,ill_19691_sounkyoonsenezoshika01,3
宗旦狐,近畿,近畿,HR,妖怪,ill_16631_sotangitsune01,3
【バレンタイン】天草四郎,九州・沖縄,九州・沖縄,HR,妖怪,ill_9821_valentine_amakusashirou01,3
岸和田だんじり祭り,近畿,近畿,HR,名物,ill_10821_kishiwadadanjirimatsuri01,3
【１周年】滝夜叉姫,関東,関東,SR,,ill_17381_isshunentakiyashahime01,3
梨ちゃん,関東,関東,HR,,ill_6811_nashichan01,3
銭形警部,無所属,無所属,R,不明,ill_14641_zenigatakeibu01,3
宇治金ソフトちゃん,近畿,近畿,SR,飲食,ill_14711_ujikinsofutochan01,3
果心居士,九州・沖縄,福岡,N,伝承,ill_4881_kasinkoji01,3
甲賀忍者,近畿,滋賀,N,知性派,ill_1571_kouganinja01,3
御納杯,関東,関東,HR,飲食,ill_15931_gonohai01,3
津軽為信,北海道・東北,青森,R,武人,ill_7011_tsugarutamenobu01,3
【１周年】アマノウズメ,九州・沖縄,九州・沖縄,HR,,ill_17521_isshunenamanozume01,3
滝夜叉姫,関東,千葉,R,姫,ill_3581_takiyashahime01,3
大村純忠,九州・沖縄,長崎,R,武人,ill_6251_ohmurasumitada01,3
イワナガヒメ,中部,静岡,HR,神秘,ill_8851_iwanagahime01,3
赤しゃぐま,中国・四国,中国・四国,R,妖怪,ill_10161_akashaguma01,3
アキタイヌちゃん,北海道・東北,秋田,N,名物,ill_311_akitainuchan01,3
【ユニフォーム】前田有紀,関東,神奈川,HR,姫,ill_14971_maedayuki_uniform01,3
上泉信綱,関東,群馬,R,武人,ill_7451_kamiizuminobutsuna01,3
パイナップルワインちゃん,九州・沖縄,九州・沖縄,SR,,ill_19351_painappuruwain01,3
もみの木ちゃん,中国・四国,中国・四国,SR,,ill_20511_mominokichan01,3
小野小町,北海道・東北,北海道・東北,R,偉人,ill_81_ononokomachi01,3
【百人一首】蝉丸,中部,中部,HR,,ill_19201_hyakuninisshusemimaru01,3
虹色のタマゴ,無所属,無所属,HR,神秘,ill_100101_nijiironotamago01,3
ミカンちゃん,中国・四国,愛媛,N,飲食,ill_3501_mikanchan01,3
瑤泉院,中国・四国,広島,N,姫,ill_4411_youzenin01,3
北条綱成,関東,埼玉,R,武人,ill_4781_houjoutsunashige01,3
甘酒ちゃん,無所属,無所属,HR,飲食,ill_13281_amazakechan01,3
花笠風鈴,北海道・東北,北海道・東北,SR,名物,ill_16791_hanagasafurin01,3
ホーランエンヤ,中国・四国,島根,N,名物,ill_5281_hooranenya01,3
ほおずき市,関東,関東,HR,名物,ill_16811_hozukiichi01,3
タマヨリヒメ,無所属,無所属,HR,神秘,ill_8651_tamayorihime01,3
板額御前,中部,新潟,R,武人,ill_4861_hangakugozen01,3
【大泥棒】ルパン三世,無所属,無所属,SR,知性派,ill_14571_oodorobourupansansei01,3
因島水軍まつり,中国・四国,中国・四国,SR,名物,ill_16721_innoshimasuigummatsuri01,3
アマメハギ,中部,石川,N,妖怪,ill_4021_amamehagi01,3
ホワイトタイガーさん,近畿,近畿,SR,,ill_18101_howaitotaigasan01,3
にっこりお雑煮ちゃんず,無所属,無所属,R,お雑煮,ill_13141_nikkoriozounichanzu01,3
【魔性の女】峰不二子,無所属,無所属,HR,神秘,ill_14591_masyounoonnaminehujiko01,3
中吉鏡もち,無所属,無所属,R,飲食,ill_100201_normalkagamimochi01,3
中野竹子,北海道・東北,北海道・東北,HR,武人,ill_15751_nakanotakeko01,3
ネムリネコ,関東,栃木,N,名物,ill_581_nemurineko01,3
マンゴーちゃん,九州・沖縄,宮崎,N,飲食,ill_3491_mangochan01,3
片車輪,近畿,滋賀,HR,妖怪,ill_11441_katawaguruma01,3
キムンカムイ,北海道・東北,北海道・東北,HR,,ill_20071_kimunkamui01,3
タツノオトシゴちゃん,中部,中部,SR,名物,ill_16871_tatsunotoshigochan01,3
鼠小僧,関東,東京,N,知性派,ill_3001_nezumikozou01,3
式神,近畿,京都,SR,神秘,ill_8261_sikigami01,3
草津温泉湯もみちゃん,関東,関東,HR,名物,ill_13481_kusatsuonsenyumomichan01,3
送り狼,無所属,無所属,HR,妖怪,ill_11401_okuriokami01,3
さるとらへび,中部,岐阜,N,妖怪,ill_1471_sarutorahebi01,3
ちゃっかりお雑煮ちゃん,中部,中部,R,お雑煮,ill_9133_chuubunoozounichan03,3
【おとぎの国】チェシャ猫,九州・沖縄,九州・沖縄,SR,,ill_19021_cheshaneko01,3
酒呑童子,近畿,京都,HR,,ill_1881_shutendouzi01,3
マリー・アントワネット,無所属,無所属,HR,姫,ill_7411_marieantoinette01,3
厳島神社,中国・四国,中国・四国,SR,,ill_16571_itsukushimajinja01,3
【１周年】アキタコマチちゃん,北海道・東北,北海道・東北,SR,,ill_17351_isshunenakitakomachichan01,3
雷獣,関東,関東,HR,不明,ill_6681_raijuu01,3
北条氏康,関東,神奈川,R,武人,ill_1001_houjouujiyasu01,3
ソムリエ,中部,山梨,N,名物,ill_1311_sommelier01,3
宗像三女神,九州・沖縄,福岡,R,神秘,ill_2321_munakatasanjojin01,3
ミズチ,無所属,無所属,HR,,ill_7761_mizuchi01,3
衣通姫,近畿,和歌山,N,伝承,ill_3871_sotoorihime01,3
天使なバレンタインちゃん,無所属,無所属,HR,名物,ill_14221_tensinabarentaintyan07,3
瑞渓院,関東,関東,HR,姫,ill_7441_zuikeiin01,3
京友禅ちゃん,近畿,近畿,SR,,ill_19571_kyoyuzenchan01,3
タキツヒコノミコト,中国・四国,中国・四国,HR,神秘,ill_16011_takitsuhikonomikoto01,3
上杉謙信,中部,中部,HR,武人,ill_1211_uesugikenshin01,3
伊達稙宗,北海道・東北,北海道・東北,HR,武人,ill_14051_datetanemune01,3
【十三代目】石川五ェ門,無所属,無所属,HR,不明,ill_14631_jyuusandaimeishikawagoemon01,3
本阿弥光二,近畿,近畿,SR,,ill_19091_honamikoji01,3
白くまアイスちゃん,九州・沖縄,九州・沖縄,HR,飲食,ill_16831_shirokumachan01,3
荻野吟子,関東,埼玉,R,知性派,ill_3461_oginoginko01,3
【洗礼】北原怜子,関東,関東,HR,,ill_20371_senreikitaharasatoko01,3
豪姫,中国・四国,岡山,N,姫,ill_3431_gouhime01,3
竜化の滝,関東,関東,HR,名物,ill_8601_ryukanotaki01,3
文車妖妃,無所属,無所属,SR,伝承,ill_10281_fugurumayoubi01,3
天宇受賣命,九州・沖縄,宮崎,R,神秘,ill_4461_amanouzume01,3
日本のお祭りちゃん,無所属,無所属,SSR,名物,ill_16711_nihonnomatsurichan01,3
板垣退助,中国・四国,高知,N,偉人,ill_2221_itagakitaisuke01,3
オオムラサキ,無所属,無所属,SR,名物,ill_12621_oomurasaki01,3
羽子板ちゃん,関東,埼玉,R,名物,ill_9091_hagoitachan01,3
九鬼嘉隆,近畿,三重,R,武人,ill_4951_kukiyoshitaka01,3
4代目タイガーマスク,無所属,無所属,HR,武人,ill_17231_yondaimetaigamasuku01,3
奥入瀬渓流,北海道・東北,北海道・東北,HR,名物,ill_16981_oirasekeiryu01,3
とちおとめちゃん,関東,栃木,N,飲食,ill_591_tochiotomechan01,3
【南瓜祭】ブッセちゃん,中国・四国,中国・四国,HR,,ill_18961_busse01,3
義姫,北海道・東北,北海道・東北,HR,姫,ill_4741_yoshihime01,3
蜂須賀小六,中国・四国,徳島,R,武人,ill_4271_hachisukakoroku01,3
サクランボちゃん,北海道・東北,山形,N,飲食,ill_351_sakuranbochan01,3
若菜姫,九州・沖縄,大分,N,姫,ill_4141_wakanahime01,3
山下りん,関東,茨城,HR,知性派,ill_14671_yamashitarin01,3
恵方巻きちゃん,近畿,大阪,R,飲食,ill_9691_ehoumakityan01,3
海地獄ちゃん,九州・沖縄,大分,N,名物,ill_4151_umijigokuchan01,3
ねずみー隊士,関東,千葉,N,武人,ill_8021_nezumitaishi01,3
愛姫,北海道・東北,宮城,HR,姫,ill_3891_megohime01,3
杉田玄白,中部,福井,N,偉人,ill_1621_sugitagenpaku01,3
【１周年】坂本龍馬,中国・四国,中国・四国,HR,,ill_17501_sakamotoryomaisshunen01,3
蔵王温泉ちゃん,北海道・東北,北海道・東北,HR,,ill_19511_zaoonsenchan01,3
神主様,無所属,無所属,HR,不明,ill_9071_kannushisama01,3
鬼岩,中部,岐阜,N,妖怪,ill_1461_oniiwa01,3
【聖夜】幌馬車ちゃん,北海道・東北,北海道・東北,SR,,ill_20421_seiyahorobashachan01,3
徳川秀忠,中部,中部,SR,武人,ill_14401_tokugawahidetada01,3
彦山豊前坊,九州・沖縄,九州・沖縄,SR,妖怪,ill_14171_hikozanbuzenbou01,3
八百比丘尼,中部,福井,SR,妖怪,ill_3821_yaobikuni01,3
クマノミちゃん,九州・沖縄,九州・沖縄,SR,名物,ill_16901_kumanomichan01,3
荒木又右衛門,中国・四国,鳥取,R,武人,ill_7031_arakimataemon01,3
マンゴーソフトちゃん,九州・沖縄,九州・沖縄,HR,飲食,ill_14721_mangosofutochan01,3
カーネーションちゃん,無所属,無所属,SR,名物,ill_15364_kaaneeshonchan04,3
鬼庭綱元,北海道・東北,北海道・東北,HR,武人,ill_7071_oniniwatsunamoto01,3
串カツちゃん,近畿,近畿,SR,飲食,ill_13461_oosakakushikatsuchan01,3
江戸切子,関東,関東,HR,,ill_19591_edokiriko01,3
人魚,無所属,無所属,N,伝承,ill_1061_ningyo01,3
鵜飼い,中部,岐阜,N,名物,ill_1451_ukai01,3
パンプキンアイスちゃん,中部,中部,SR,,ill_18941_pampukinaisukurimu01,3
道後温泉ちゃん,中国・四国,中国・四国,SR,,ill_19501_dogonsenchan01,3
【玉造温泉】八岐大蛇の巫女,中国・四国,中国・四国,SR,,ill_19661_tamatsukurionsenyamatanorochinomiko01,3
辰子姫,北海道・東北,北海道・東北,HR,妖怪,ill_3721_tatsukohime01,3
【おとぎの国】トランプの兵,北海道・東北,北海道・東北,HR,,ill_19031_torampunohei01,3
トキ,中部,中部,SR,,ill_16771_toki01,3
ラベンダーソフトちゃん,北海道・東北,北海道・東北,HR,飲食,ill_14691_rabendasofutochan01,3
神楽車,中部,中部,HR,名物,ill_16261_kaguraguruma01,3
壺ふり師,関東,関東,HN,知性派,ill_3021_tsubohurishi01,3
吉浜のスネカ,北海道・東北,岩手,HR,,ill_14801_yoshihamanosuneka01,3
女義賊,無所属,無所属,R,知性派,ill_1271_onnagizoku01,3
五郎八姫,北海道・東北,宮城,N,姫,ill_5101_irohahime01,3
【崇源院】江,無所属,無所属,SSR,姫,ill_13981_sugenin_go01,3
ヤサカトメノカミ,中部,中部,HR,神秘,ill_13921_yasakatomenokami01,3
真神,近畿,奈良,SR,神秘,ill_7711_makami01,3
メロンちゃん,関東,茨城,N,飲食,ill_701_melonchan01,3
【CM記念】江,無所属,無所属,SR,,ill_7771_cmgou01,5
しっぺい太郎,中部,静岡,N,伝承,ill_3901_shippeitarou01,3
はっさくちゃん,近畿,近畿,SR,,ill_18411_hassakuchan01,3
八上姫,中国・四国,鳥取,N,伝承,ill_4591_yagamihime01,3
コウテイペンギンちゃん,中部,中部,HR,,ill_18121_koteipenginchan01,3
浦島太郎,関東,関東,HR,伝承,ill_491_urashimatarou01,3
わんこそばちゃん,北海道・東北,岩手,N,飲食,ill_5851_wankosobachan01,3
アキバメイド,関東,東京,N,名物,ill_941_akibameido01,3
招き雀,特殊素材,特殊素材,N,,ill_100001_manekisuzume01,3
千坂景親,中部,新潟,HR,武人,ill_7551_chisakakagechika01,3
日本の岬ちゃん,無所属,無所属,SSR,,ill_18521_nihonnomisaki01,3
小悪魔なバレンタインちゃん,無所属,無所属,HR,名物,ill_14251_koakumanabarentaintyan07,3
ニホンザリガニちゃん,北海道・東北,北海道・東北,HR,名物,ill_12931_nihonzarigani01,3
高原次利,中国・四国,中国・四国,HR,武人,ill_7331_takaharatsugutoshi01,3
スカジャン娘,関東,神奈川,N,名物,ill_7681_sukajanmusume01,3
千利休,近畿,大阪,R,偉人,ill_1991_sennorikyuu01,3
【CM記念】茶々,無所属,無所属,SR,,ill_7791_cmyododono01,3
軽井沢高原,中部,中部,SR,名物,ill_16991_karuizawakogen01,3
織姫塚伝説,関東,茨城,HR,不明,ill_14131_orihimezukadennsetsu01,3
カラス天狗,近畿,和歌山,N,妖怪,ill_1741_karasutengu01,3
【１周年】荻野吟子,関東,関東,HR,,ill_17391_isshunenoginoginko01,3
米農家,中部,新潟,N,飲食,ill_1201_komenouka01,3
おつやの方,中部,岐阜,HR,姫,ill_9501_otsuyanokata01,3
イクチ,関東,茨城,N,妖怪,ill_711_ikuchi01,3
コロポックル,北海道・東北,北海道,N,神秘,ill_5561_korobokkuru01,3
貝喰池の竜神,北海道・東北,山形,R,不明,,3
神戸ワインちゃん,近畿,近畿,SR,,ill_19271_kobewain01,3
アレス,無所属,無所属,SR,不明,ill_9011_areus01,3
柳川雛祭り水上パレード,九州・沖縄,九州・沖縄,R,不明,,3
千姫,近畿,京都,R,不明,,3
大吉鏡もち,無所属,無所属,HR,飲食,ill_100211_dreamkagamimochi01,3
青岩院,中部,新潟,SR,姫,ill_5041_seiganin01,3
首切れ馬,中国・四国,徳島,R,妖怪,ill_10321_kubikireuma01,3
鉄鼠,近畿,滋賀,N,妖怪,ill_3971_tesso01,3
コノハナチルヒメ,無所属,無所属,SR,神秘,ill_11871_konohanachiruhime01,3
深雪太夫,中部,石川,HR,偉人,ill_5361_miyukidayuu01,3
空狐,無所属,無所属,SSR,妖怪,ill_16661_kuko01,3
吉良上野介,近畿,近畿,HN,知性派,ill_4001_kirakouzukenosuke01,3
五月人形,無所属,無所属,SR,名物,ill_13821_gogatsuningyou01,3
鵺,近畿,近畿,HR,妖怪,ill_1891_nue01,3
のんびりお雑煮ちゃんず,無所属,無所属,R,お雑煮,ill_13131_nonnbiriosounichanzu01,3
しゃちほこ戦士,中部,愛知,SR,名物,ill_1431_shachihokosenshi01,3
鍋島の化け猫,九州・沖縄,九州・沖縄,SR,妖怪,ill_17101_nabeshimanobakeneko01,3
犬神,中国・四国,中国・四国,HR,妖怪,ill_2111_inugami01,3
濡髪童子,近畿,近畿,SR,妖怪,ill_14521_nuregamidoji01,3
崇徳上皇,無所属,無所属,SR,妖怪,ill_1531_sutokujoukou01,3
なまはげ,北海道・東北,秋田,N,名物,ill_331_namahage01,3
鞍馬天狗,近畿,京都,N,妖怪,ill_1851_kuramatengu01,3
玉藻前,関東,栃木,HR,不明,ill_4731_tamamonomae01,3
飯塚高史,北海道・東北,北海道,HR,武人,ill_17241_iizukatakashi01,3
山中鹿之助,中国・四国,島根,N,武人,ill_4571_yamanakashikanosuke01,3
キンモクセイちゃん,中部,中部,SR,,ill_18341_kimmokuseichan01,3
チャッキラコ,関東,神奈川,N,名物,ill_3221_chakkirako01,3
火車,関東,山梨,R,不明,ill_8191_kasya01,3
雲光院,関東,関東,HN,姫,ill_7821_unnkouin01,3
清姫,近畿,和歌山,N,妖怪,ill_3691_kiyohime01,3
団三郎狸,中部,中部,SR,妖怪,ill_11531_danzaburodanuki01,3
ワインちゃん,中部,中部,SR,飲食,ill_13341_winechan01,3
福姫,北海道・東北,青森,HR,姫,ill_9471_fukuhime01,3
クラゲちゃん,無所属,無所属,HR,名物,ill_13681_kuragechan01,3
峰不二子,無所属,無所属,R,不明,ill_14581_minehujiko01,3
上野のパンダちゃん,関東,関東,SR,,ill_8781_uenonopandachan01,3
アリス,無所属,無所属,SR,伝承,ill_6411_alis01,3
お菊,無所属,無所属,R,妖怪,ill_3671_okiku01,3
マムヤ,九州・沖縄,沖縄,R,伝承,ill_3601_mamuya01,3
大祭牛鬼,無所属,無所属,SSR,名物,ill_16241_taisaiushioni01,3
中邑真輔,近畿,京都,SR,武人,ill_17221_nakamurashinsuke01,3
辻神,九州・沖縄,九州・沖縄,HN,妖怪,ill_2471_tujigami01,3
森鴎外,中国・四国,島根,HR,知性派,ill_5951_moriougai01,3
鬼払い師,無所属,無所属,R,名物,ill_9671_oniharaisi01,3
豪華成長だんご,特殊素材,特殊素材,HR,,ill_100013_seichoudango03,3
新渡戸稲造,北海道・東北,岩手,N,偉人,ill_261_nitobeinazou01,3
クシナダヒメ,関東,関東,SR,神秘,ill_14431_kushinadahime01,3
生駒吉乃,中部,愛知,SR,姫,ill_7831_ikomakitsuno01,3
菊間瓦ちゃん,中国・四国,中国・四国,SR,名物,ill_15811_kikumakawara01,3
マドレーヌちゃん,近畿,兵庫,N,飲食,ill_6841_madoreenuchan01,3
土偶,北海道・東北,北海道・東北,HR,名物,ill_12561_dogu01,3
安倍晴明,無所属,無所属,SR,,ill_8201_abenoseimei01,3
祭りオコジョ,無所属,無所属,HR,名物,ill_8441_matsuriokojo01,3
亀姫,北海道・東北,福島,N,妖怪,ill_431_kamehime01,3
鬼子母神,関東,関東,SR,伝承,ill_15631_kishibojin01,3
ハロウィンパティシエール,無所属,無所属,SSR,,ill_18921_haroimpateishie01,3
白雪姫,無所属,無所属,SR,姫,ill_9371_shirayukihime01,3
牡丹燈籠,無所属,無所属,SSR,妖怪,ill_17041_botandoro01,3
つるし雛,中部,中部,R,不明,ill_12451_tsurushibina01,3
小田氏治,関東,茨城,R,武人,ill_8341_odaujiharu01,3
バケダヌキ,中国・四国,中国・四国,HN,妖怪,ill_2061_bakedanuki01,3
【CM記念】初,無所属,無所属,SR,,ill_7811_cmhatsu01,3
おっとりお雑煮ちゃん,北海道・東北,北海道,R,お雑煮,ill_9113_hokkaidoutouhokunoozounichan03,3
津田梅子,関東,東京,R,知性派,ill_3521_tsudaumeko01,3
長壁姫,近畿,兵庫,N,妖怪,ill_2021_osakabehime01,3
島田清次郎,中部,中部,HR,,ill_19101_shimadaseijiro01,3
【満開】桜のタマゴ,無所属,無所属,HR,,ill_100281_mankaisakuranotamago01,3
和泉式部,近畿,近畿,HR,,ill_8371_izumishikibu01,3
黒駒勝蔵,中部,山梨,HR,武人,ill_5251_kurokomanokatsuzou01,3
朝日姫,中部,愛知,HR,姫,ill_7801_asahihime01,3
栄螺鬼,関東,千葉,HR,妖怪,ill_8031_sazaeoni01,3
ねぶた,北海道・東北,青森,N,名物,ill_231_nebuta01,3
ぶんぶく茶釜,関東,群馬,N,妖怪,ill_641_bunbukuchagama01,3
安国寺恵瓊,中国・四国,広島,N,武人,ill_4401_ankokujiekei01,3
【二人三脚】サクランボちゃん,北海道・東北,北海道・東北,HR,,ill_18711_nininsankyakusakurambochan01,3
沼御前,北海道・東北,福島,N,妖怪,ill_3831_numagozen01,3
千代,中部,岐阜,HR,姫,ill_9461_kenshouin01,3
小村寿太郎,九州・沖縄,九州・沖縄,HN,知性派,ill_5171_komurajutarou01,3
流しびな,中国・四国,中国・四国,R,伝承,ill_5301_nagashibina01,3
鉢かづき姫,近畿,大阪,N,伝承,ill_3791_hachikazukihime01,3
次元大介,北海道・東北,北海道,SR,不明,ill_14601_jigendaisuke01,3
【聖夜】稲佐山さん,九州・沖縄,九州・沖縄,HR,,ill_20451_seiyainasayamasan01,3
銀の招き雀,特殊素材,特殊素材,R,,ill_100002_manekisuzume02,3
深川祭,関東,関東,SR,名物,ill_10561_fukagawamatsuri01,3
風神,無所属,無所属,SR,神秘,ill_5031_fujin01,3
福地桜智,九州・沖縄,長崎,R,知性派,ill_9891_hukuchiouchi01,3
高杉晋作,中国・四国,山口,N,武人,ill_2181_takasugishinsaku01,3
イワコシンプ,北海道・東北,北海道,R,神秘,ill_121_iwakoshinpu01,3
イザナミ,無所属,無所属,SR,神秘,ill_14921_izanami01,3
竜田姫,無所属,無所属,HR,,ill_1771_tatsutahime01,3
化灯籠,関東,関東,HR,伝承,ill_6651_baketoro01,3
雨降り小僧,無所属,無所属,HR,妖怪,ill_10291_amefurikozo01,3
鬼童丸,近畿,京都,N,妖怪,ill_1831_kidoumaru01,3
【大魔王】酒呑童子,近畿,近畿,HR,,ill_18791_daimaoshutendoji01,3
【１周年】直江兼続,北海道・東北,北海道・東北,HR,,ill_17361_isshunennaoekanetsugu01,3
田宮坊太郎,中国・四国,香川,N,武人,ill_4341_tamiyaboutarou01,3
貝児,無所属,無所属,HR,妖怪,ill_11431_kaichigo01,3
カグヤ,無所属,無所属,SR,伝承,ill_1541_kaguya01,3
板垣信方,中部,山梨,R,武人,ill_6871_itagakinobukata01,3
イザナギ,無所属,無所属,SR,神秘,ill_14911_izanagi01,3
餃子ちゃん,関東,栃木,N,飲食,ill_6361_gyouzachan01,3
火消し,無所属,無所属,R,名物,ill_911_hikeshi01,3
タケミカヅチ,関東,関東,HR,神秘,ill_13901_takemikazuchi01,3
フツヌシノカミ,関東,関東,SR,,ill_19811_futsunushinokami01,3
ツクヨミ,無所属,無所属,SR,神秘,ill_1561_tsukuyomi01,3
キューピッド,無所属,無所属,R,神秘,ill_9591_cupid01,3
キューピット,無所属,無所属,R,神秘,ill_9591_cupid01,3
【ヴァンパイア】秋山真之,中国・四国,中国・四国,HR,,ill_18811_buampaiaakiyamasaneyuki01,3
雉,無所属,無所属,SSR,,ill_16561_kiji01,3
かんなぎ,九州・沖縄,九州・沖縄,HN,神秘,ill_8051_kannagi01,3
ボゼ,九州・沖縄,鹿児島,N,名物,ill_2481_boze01,3
入道雲,無所属,無所属,SSR,名物,ill_16781_nyudogumo01,3
鬼剣舞,北海道・東北,岩手,N,名物,ill_281_onikenbai01,3
滝川一益,中部,愛知,N,武人,ill_7381_takigawaichimasu01,3
朧車,近畿,近畿,SR,妖怪,ill_11421_oboroguruma01,3
ハンドベルちゃん,関東,関東,HR,,ill_20531_handoberuchan01,3
桂男,近畿,和歌山,R,妖怪,ill_3761_katsuraotoko01,3
秋山真之,中国・四国,愛媛,R,武人,ill_4421_akiyamasaneyuki01,3
福田英子,中国・四国,中国・四国,SR,知性派,ill_14031_fukudahideko01,3
月見酒ちゃん,近畿,近畿,SR,,ill_17891_tsukimizakechan01,3
日本の秘湯ちゃん,無所属,無所属,SSR,,ill_19481_nihonnohitochan01,3
アンモ,北海道・東北,北海道・東北,HR,妖怪,ill_16611_ammo01,3
【必勝】熊野筆ちゃん,中国・四国,中国・四国,SR,,ill_18701_hisshokumanofudechan01,3
醤油ちゃん,関東,千葉,HR,飲食,ill_8011_syouyuchan01,3
ぺろぺろキャンディーちゃん,近畿,近畿,HR,,ill_18971_peroperokyandei01,3
アルピニスト,無所属,無所属,N,名物,ill_1051_arupinist01,3
黒田官兵衛,九州・沖縄,福岡,HR,武人,ill_2311_kurodakannbee01,3
キジムナー,九州・沖縄,沖縄,N,妖怪,ill_4481_kijimuna01,3
干支 蛇,無所属,無所属,SR,不明,ill_8561_etohebi01,3
ポインセチアちゃん,九州・沖縄,九州・沖縄,SR,,ill_20501_poinsechiachan01,3
浜名湖ちゃん,中部,中部,HR,,ill_18551_hamanakochan01,3
イザナギ・イザナミ,無所属,無所属,SR,神秘,ill_2881_izanagi_izanami01,3
吉田の火祭り,中部,中部,HR,名物,ill_10661_yoshidanohimatsuri01,3
ダルマ,関東,群馬,N,名物,ill_621_daruma01,3
吉川夫人,中国・四国,中国・四国,HR,姫,ill_14381_kikkawafujin01,3
一遍,中国・四国,愛媛,N,偉人,ill_3331_ippen01,3
富主姫,北海道・東北,北海道・東北,SR,神秘,ill_16321_tominushihime01,3
金魚ちゃん,無所属,無所属,SSR,名物,ill_16971_kingyochan01,3
井伊直虎,中部,静岡,R,姫,ill_4931_iinaotora01,3
招き猫,関東,東京,R,名物,ill_9081_manekineko01,3
マリア,無所属,無所属,SR,,ill_8991_maria01,3
ヒルコ,近畿,兵庫,R,神秘,ill_3961_hiruko01,3
横浜中華街ちゃん,関東,関東,HR,,ill_18641_yokohamachukagai01,3
織田信長,中部,中部,SR,武人,ill_1181_odanobunaga01,3
ヴァレンティヌス,無所属,無所属,SR,偉人,ill_9631_valentinus01,3
ケサランパサラン,北海道・東北,山形,N,妖怪,ill_341_kesaranpasaran01,3
八大竜王,無所属,無所属,SSR,神秘,ill_16041_hachidairyuo01,3
イヅナヒメノミコト,中国・四国,中国・四国,HR,,ill_19841_izunahimenomikoto01,3
ワカウカノメノミコト,無所属,無所属,SSR,神秘,ill_16061_wakaukanomenomikoto01,3
芭蕉精,九州・沖縄,九州・沖縄,HR,妖怪,ill_16701_bashonosei01,3
月の天女,無所属,無所属,HR,,ill_7891_tsukinotennyo01,3
カステラちゃん,九州・沖縄,九州・沖縄,HR,名物,ill_5231_kasuterachan01,3
日本酒ちゃん,中部,新潟,N,飲食,ill_7691_nihonshuchan01,3
金印ちゃん,九州・沖縄,九州・沖縄,SR,名物,ill_13631_kinin01,3
流氷,北海道・東北,北海道,HR,名物,ill_5481_ryuuhyou01,3
肥後国の猫,九州・沖縄,熊本,N,妖怪,ill_4071_higokokunoneko01,3
成長だんご,特殊素材,特殊素材,N,,ill_100011_seichoudango01,3
ダイダラボッチ,無所属,無所属,HR,伝承,ill_1191_daidarabotchi01,3
日向内記,北海道・東北,福島,R,武人,ill_441_hinatanaiki01,3
【嵐山温泉】紫式部,近畿,近畿,HR,,ill_19671_arashiyamaonsenmurasakishikibu01,3
お寿司ちゃん,無所属,無所属,HR,飲食,ill_16591_osushichan01,3
F１レーサー,近畿,三重,N,名物,/images/ill_7721_f1racer01.jpg?1357476651,3
石川五右衛門,近畿,近畿,SR,,ill_1861_ishikawagoemon01,3
精霊流しちゃん,九州・沖縄,九州・沖縄,SR,名物,ill_16481_shoronagashichan01,3
流れ行燈,九州・沖縄,大分,N,妖怪,ill_4161_nagareandon01,3
森長可,中部,中部,HR,武人,ill_4911_morinagayoshi01,3
こけしちゃん,北海道・東北,北海道・東北,HR,名物,ill_13441_kokeshichan01,3
鷺舞,中国・四国,中国・四国,SR,名物,ill_12601_sagimai01,3
鎌鼬,無所属,無所属,R,妖怪,ill_7651_kamaitachi01,3
【聖夜】Xmasイルミネーション,無所属,無所属,SSR,,ill_20411_seiyaxmasirumineshon01,3
ガザミちゃん,九州・沖縄,佐賀,N,飲食,ill_2351_gazamichan01,3
福島正則,中国・四国,広島,R,武人,ill_4371_hukushimamasanori01,3
【アナウンサー】前田有紀,関東,神奈川,HR,神秘,ill_14981_maedayuki_announcer01,3
三村鶴,中国・四国,中国・四国,HR,姫,ill_9581_mimuratsuru01,3
椎名心実 フグ刺しver,無所属,無所属,SR,飲食,ill_14374_shiinakokomi04,5
ゴマフアザラシちゃん,北海道・東北,北海道・東北,HR,名物,ill_16881_gomafuazarashichan01,3
木霊,無所属,無所属,R,神秘,ill_533_kodama03,7
フジバカマ,中部,中部,HR,,ill_17831_fujibakama01,3
【聖夜】サンタ・クロスロードちゃん,中国・四国,中国・四国,HR,,ill_20461_seiyasantakurosurodochan01,3
おなぎさん,中国・四国,香川,N,伝承,ill_4091_onagisan01,3
ルイス・フロイス,九州・沖縄,九州・沖縄,HR,偉人,ill_12481_luis_frois01,3
麦焼酎さん,九州・沖縄,長崎,HR,飲食,ill_13381_mugijouchyuusan01,3
薬売り,中部,富山,N,名物,ill_3571_kusuriuri01,3
砂かけ娘,近畿,奈良,N,妖怪,ill_6441_sunakakemusume01,3
片倉小十郎,北海道・東北,宮城,R,武人,ill_4211_katakurakojurou01,3
浄法寺椀,北海道・東北,岩手,HR,名物,ill_100301_jouhoujiwann01,3
金沢箔ちゃん,中部,中部,HR,,ill_19601_kanazawahakuchan01,3
木枯らし,関東,関東,HR,,ill_18351_kogarashi01,3
佐々成政,中部,中部,HN,武人,ill_4851_sasanarimasa01,3
ほんわかお雑煮ちゃん,中国・四国,中国・四国,R,お雑煮,ill_9153_chuugokushikokunoozounichan03,3
てるてる坊主,無所属,無所属,N,妖怪,ill_691_teruterubouzu01,3
土佐犬,中国・四国,高知,N,名物,ill_9341_tosaken01,3
シラスちゃん,関東,関東,HR,名物,ill_10141_shirasuchan01,3
人狐,中国・四国,島根,HR,妖怪,ill_13121_ninko01,3
【１周年】たこ焼きちゃん,近畿,近畿,SR,,ill_17451_isshunentakoyakichan01,3
八坂舞妓祭,近畿,京都,SR,名物,ill_9791_yasakamaikosai01,3
金魚の歌,中部,中部,HR,,ill_9491_kingyonota01,3
かつうらビッグ雛まつり,関東,関東,R,伝承,ill_12441_katsuurabighinamatsuri01,3
友禅流しちゃん,中部,石川,N,名物,ill_5291_yuzennagashichan01,3
大盛り成長だんご,特殊素材,特殊素材,R,,ill_100012_seichoudango02,3
桜餅ちゃん,無所属,無所属,HR,飲食,ill_13231_sakuramochichan01,3
化石発掘娘,中部,福井,N,名物,ill_1631_kasekihakkutumusume01,3
細川ガラシャ,中部,中部,SR,姫,ill_8931_hosokawagarasya01,3
秋山好古,中国・四国,愛媛,R,武人,ill_4431_akiyamayoshifuru01,3
黒百合伝説,中部,富山,R,伝承,ill_4221_kuroyurinosei01,3
岩井のおかねさん,中国・四国,中国・四国,HR,伝承,ill_15651_iwainookanesan01,3
アフロディテ,無所属,無所属,SR,神秘,ill_9021_aphrodite01,3
濃姫,中部,岐阜,R,姫,ill_2951_nouhime01,3
岩佐又兵衛,近畿,兵庫,R,知性派,ill_6831_iwasamatabee01,3
月姫,中国・四国,中国・四国,SR,,ill_17811_tsukihime01,3
節分草ちゃん,中国・四国,広島,HR,名物,ill_9811_setubunsoutyan01,3
湘南サーファー,関東,神奈川,N,名物,ill_981_shounansurfer01,3
クラミツハ,中部,中部,SR,神秘,ill_16081_kuramitsuha01,3
モモちゃん,中部,山梨,N,飲食,ill_1291_momochan01,3
【海開き】紫式部,近畿,近畿,HR,知性派,ill_16351_umibirakimurasakishikibu01,3
岩崎弥太郎,中国・四国,中国・四国,HR,知性派,ill_4821_iwasakiyatarou01,3
スズランちゃん,無所属,無所属,HR,名物,ill_15354_suzuranchan04,3
いきなり団子ちゃん,九州・沖縄,熊本,HR,飲食,ill_6491_ikinaridangochan01,3
妲己のお百,北海道・東北,秋田,R,姫,ill_5831_dakkinoohyaku01,3
すねこすり,無所属,無所属,HR,妖怪,ill_8901_sunekosuri01,3
天降女子,九州・沖縄,鹿児島,HR,神秘,ill_2031_amorounagu01,3
天探女,近畿,近畿,SR,伝承,ill_14931_amenosagume01,3
ハスカップワインちゃん,北海道・東北,北海道・東北,SR,,ill_19341_hasukappuwain01,3
大石内蔵助,近畿,近畿,HR,武人,ill_3991_ooishikuranosuke01,3
福山琴奏者,中国・四国,広島,HR,名物,ill_14121_fukuyamakotosousha01,3
妙玖,中部,広島,R,不明,,3
アカベコちゃん,北海道・東北,福島,N,名物,ill_421_akabekochan01,3
毛利元就,中国・四国,中国・四国,HR,武人,ill_2101_mourimotonari01,3
バラちゃん,無所属,無所属,HR,名物,ill_15334_barachan04,3
十六桜,中国・四国,中国・四国,HR,伝承,ill_17091_izayoizakura01,3
おいり,中国・四国,中国・四国,SR,飲食,ill_15961_oiri01,3
左京ヶ橋の蛇,九州・沖縄,九州・沖縄,SR,伝承,ill_14101_sakyougabashinohebi01,3
かぼちゃモンブランちゃん,関東,関東,SR,,ill_18931_kabochanomomburan01,3
竹中半兵衛,中部,岐阜,R,武人,ill_5131_takenakahanbee01,3
