ill_11_matagi01,マタギ,またぎ,北海道・東北,青森,名物,進化Lv1,ノーマル
ill_12_matagi02,マタギ,またぎ,北海道・東北,青森,名物,進化Lv2,ノーマル
ill_13_matagi03,マタギ,またぎ,北海道・東北,青森,名物,進化Lv3,ノーマル
ill_111_ezoshikachan01,エゾシカちゃん,えぞしかちゃん,北海道・東北,北海道,名物,進化Lv1,ノーマル
ill_112_ezoshikachan02,エゾシカちゃん,えぞしかちゃん,北海道・東北,北海道,名物,進化Lv2,ノーマル
ill_113_ezoshikachan03,エゾシカちゃん,えぞしかちゃん,北海道・東北,北海道,名物,進化Lv3,ノーマル
ill_201_ringochan01,リンゴちゃん,りんごちゃん,北海道・東北,青森,飲食,進化Lv1,ノーマル
ill_202_ringochan02,リンゴちゃん,りんごちゃん,北海道・東北,青森,飲食,進化Lv2,ノーマル
ill_203_ringochan03,リンゴちゃん,りんごちゃん,北海道・東北,青森,飲食,進化Lv3,ノーマル
ill_231_nebuta01,ねぶた,ねぶた,北海道・東北,青森,名物,進化Lv1,ノーマル
ill_232_nebuta02,ねぶた,ねぶた,北海道・東北,青森,名物,進化Lv2,ノーマル
ill_233_nebuta03,ねぶた,ねぶた,北海道・東北,青森,名物,進化Lv3,ノーマル
ill_261_nitobeinazou01,新渡戸稲造,にとべいなぞう,北海道・東北,岩手,偉人,進化Lv1,ノーマル
ill_262_nitobeinazou02,新渡戸稲造,にとべいなぞう,北海道・東北,岩手,偉人,進化Lv2,ノーマル
ill_263_nitobeinazou03,新渡戸稲造,にとべいなぞう,北海道・東北,岩手,偉人,進化Lv3,ノーマル
ill_281_onikenbai01,鬼剣舞,おにけんばい,北海道・東北,岩手,名物,進化Lv1,ノーマル
ill_282_onikenbai02,鬼剣舞,おにけんばい,北海道・東北,岩手,名物,進化Lv2,ノーマル
ill_283_onikenbai03,鬼剣舞,おにけんばい,北海道・東北,岩手,名物,進化Lv3,ノーマル
ill_311_akitainuchan01,アキタイヌちゃん,あきたいぬちゃん,北海道・東北,秋田,名物,進化Lv1,ノーマル
ill_312_akitainuchan02,アキタイヌちゃん,あきたいぬちゃん,北海道・東北,秋田,名物,進化Lv2,ノーマル
ill_313_akitainuchan03,アキタイヌちゃん,あきたいぬちゃん,北海道・東北,秋田,名物,進化Lv3,ノーマル
ill_331_namahage01,なまはげ,なまはげ,北海道・東北,秋田,名物,進化Lv1,ノーマル
ill_332_namahage02,なまはげ,なまはげ,北海道・東北,秋田,名物,進化Lv2,ノーマル
ill_333_namahage03,なまはげ,なまはげ,北海道・東北,秋田,名物,進化Lv3,ノーマル
ill_341_kesaranpasaran01,ケサランパサラン,けさらんぱさらん,北海道・東北,山形,妖怪,進化Lv1,ノーマル
ill_342_kesaranpasaran02,ケサランパサラン,けさらんぱさらん,北海道・東北,山形,妖怪,進化Lv2,ノーマル
ill_343_kesaranpasaran03,ケサランパサラン,けさらんぱさらん,北海道・東北,山形,妖怪,進化Lv3,ノーマル
ill_351_sakuranbochan01,サクランボちゃん,さくらんぼちゃん,北海道・東北,山形,飲食,進化Lv1,ノーマル
ill_352_sakuranbochan02,サクランボちゃん,さくらんぼちゃん,北海道・東北,山形,飲食,進化Lv2,ノーマル
ill_353_sakuranbochan03,サクランボちゃん,さくらんぼちゃん,北海道・東北,山形,飲食,進化Lv3,ノーマル
ill_361_kishi01,棋士,きし,北海道・東北,山形,知性派,進化Lv1,ノーマル
ill_362_kishi02,棋士,きし,北海道・東北,山形,知性派,進化Lv2,ノーマル
ill_363_kishi03,棋士,きし,北海道・東北,山形,知性派,進化Lv3,ノーマル
ill_411_zundamochichan01,ずんだ餅ちゃん,ずんだもちちゃん,北海道・東北,宮城,飲食,進化Lv1,ノーマル
ill_412_zundamochichan02,ずんだ餅ちゃん,ずんだもちちゃん,北海道・東北,宮城,飲食,進化Lv2,ノーマル
ill_413_zundamochichan03,ずんだ餅ちゃん,ずんだもちちゃん,北海道・東北,宮城,飲食,進化Lv3,ノーマル
ill_421_akabekochan01,アカベコちゃん,あかべこちゃん,北海道・東北,福島,名物,進化Lv1,ノーマル
ill_422_akabekochan02,アカベコちゃん,あかべこちゃん,北海道・東北,福島,名物,進化Lv2,ノーマル
ill_423_akabekochan03,アカベコちゃん,あかべこちゃん,北海道・東北,福島,名物,進化Lv3,ノーマル
ill_431_kamehime01,亀姫,かめひめ,北海道・東北,福島,妖怪,進化Lv1,ノーマル
ill_432_kamehime02,亀姫,かめひめ,北海道・東北,福島,妖怪,進化Lv2,ノーマル
ill_433_kamehime03,亀姫,かめひめ,北海道・東北,福島,妖怪,進化Lv3,ノーマル
ill_481_osakigitune01,オサキギツネ,おさきぎつね,無所属,無所属,妖怪,進化Lv1,ノーマル
ill_482_osakigitune02,オサキギツネ,おさきぎつね,無所属,無所属,妖怪,進化Lv2,ノーマル
ill_483_osakigitune03,オサキギツネ,おさきぎつね,無所属,無所属,妖怪,進化Lv3,ノーマル
ill_571_akitainukun01,アキタイヌくん,あきたいぬくん,北海道・東北,秋田,名物,進化Lv1,ノーマル
ill_572_akitainukun02,アキタイヌくん,あきたいぬくん,北海道・東北,秋田,名物,進化Lv2,ノーマル
ill_573_akitainukun03,アキタイヌくん,あきたいぬくん,北海道・東北,秋田,名物,進化Lv3,ノーマル
ill_581_nemurineko01,ネムリネコ,ねむりねこ,関東,栃木,名物,進化Lv1,ノーマル
ill_582_nemurineko02,ネムリネコ,ねむりねこ,関東,栃木,名物,進化Lv2,ノーマル
ill_583_nemurineko03,ネムリネコ,ねむりねこ,関東,栃木,名物,進化Lv3,ノーマル
ill_591_tochiotomechan01,とちおとめちゃん,とちおとめちゃん,関東,栃木,飲食,進化Lv1,ノーマル
ill_592_tochiotomechan02,とちおとめちゃん,とちおとめちゃん,関東,栃木,飲食,進化Lv2,ノーマル
ill_593_tochiotomechan03,とちおとめちゃん,とちおとめちゃん,関東,栃木,飲食,進化Lv3,ノーマル
ill_621_daruma01,ダルマ,だるま,関東,群馬,名物,進化Lv1,ノーマル
ill_622_daruma02,ダルマ,だるま,関東,群馬,名物,進化Lv2,ノーマル
ill_623_daruma03,ダルマ,だるま,関東,群馬,名物,進化Lv3,ノーマル
ill_641_bunbukuchagama01,ぶんぶく茶釜,ぶんぶくちゃがま,関東,群馬,妖怪,進化Lv1,ノーマル
ill_642_bunbukuchagama02,ぶんぶく茶釜,ぶんぶくちゃがま,関東,群馬,妖怪,進化Lv2,ノーマル
ill_643_bunbukuchagama03,ぶんぶく茶釜,ぶんぶくちゃがま,関東,群馬,妖怪,進化Lv3,ノーマル
ill_671_karakaze01,空っ風,からっかぜ,関東,群馬,名物,進化Lv1,ノーマル
ill_672_karakaze02,空っ風,からっかぜ,関東,群馬,名物,進化Lv2,ノーマル
ill_673_karakaze03,空っ風,からっかぜ,関東,群馬,名物,進化Lv3,ノーマル
ill_681_ibarakiyankee01,イバラキヤンキー,いばらきやんきー,関東,茨城,名物,進化Lv1,ノーマル
ill_682_ibarakiyankee02,イバラキヤンキー,いばらきやんきー,関東,茨城,名物,進化Lv2,ノーマル
ill_683_ibarakiyankee03,イバラキヤンキー,いばらきやんきー,関東,茨城,名物,進化Lv3,ノーマル
ill_691_teruterubouzu01,てるてる坊主,てるてるぼうず,無所属,無所属,妖怪,進化Lv1,ノーマル
ill_692_teruterubouzu02,てるてる坊主,てるてるぼうず,無所属,無所属,妖怪,進化Lv2,ノーマル
ill_693_teruterubouzu03,てるてる坊主,てるてるぼうず,無所属,無所属,妖怪,進化Lv3,ノーマル
ill_701_melonchan01,メロンちゃん,めろんちゃん,関東,茨城,飲食,進化Lv1,ノーマル
ill_702_melonchan02,メロンちゃん,めろんちゃん,関東,茨城,飲食,進化Lv2,ノーマル
ill_703_melonchan03,メロンちゃん,めろんちゃん,関東,茨城,飲食,進化Lv3,ノーマル
ill_711_ikuchi01,イクチ,いくち,関東,茨城,妖怪,進化Lv1,ノーマル
ill_712_ikuchi02,イクチ,いくち,関東,茨城,妖怪,進化Lv2,ノーマル
ill_713_ikuchi03,イクチ,いくち,関東,茨城,妖怪,進化Lv3,ノーマル
ill_801_magatamachan01,勾玉ちゃん,まがたまちゃん,関東,埼玉,名物,進化Lv1,ノーマル
ill_802_magatamachan02,勾玉ちゃん,まがたまちゃん,関東,埼玉,名物,進化Lv2,ノーマル
ill_803_magatamachan03,勾玉ちゃん,まがたまちゃん,関東,埼玉,名物,進化Lv3,ノーマル
ill_811_maysamurai01,五月サムライ,ごがつさむらい,関東,埼玉,名物,進化Lv1,ノーマル
ill_812_maysamurai02,五月サムライ,ごがつさむらい,関東,埼玉,名物,進化Lv2,ノーマル
ill_813_maysamurai03,五月サムライ,ごがつさむらい,関東,埼玉,名物,進化Lv3,ノーマル
ill_831_roushi01,浪士,ろうし,無所属,無所属,武人,進化Lv1,ノーマル
ill_832_roushi02,浪士,ろうし,無所属,無所属,武人,進化Lv2,ノーマル
ill_833_roushi03,浪士,ろうし,無所属,無所属,武人,進化Lv3,ノーマル
ill_871_kanedama01,金霊,かねだま,関東,千葉,神秘,進化Lv1,ノーマル
ill_872_kanedama02,金霊,かねだま,関東,千葉,神秘,進化Lv2,ノーマル
ill_873_kanedama03,金霊,かねだま,関東,千葉,神秘,進化Lv3,ノーマル
ill_931_hachikou01,ハチコウ,はちこう,関東,東京,名物,進化Lv1,ノーマル
ill_932_hachikou02,ハチコウ,はちこう,関東,東京,名物,進化Lv2,ノーマル
ill_933_hachikou03,ハチコウ,はちこう,関東,東京,名物,進化Lv3,ノーマル
ill_941_akibameido01,アキバメイド,あきばめいど,関東,東京,名物,進化Lv1,ノーマル
ill_942_akibameido02,アキバメイド,あきばめいど,関東,東京,名物,進化Lv2,ノーマル
ill_943_akibameido03,アキバメイド,あきばめいど,関東,東京,名物,進化Lv3,ノーマル
ill_981_shounansurfer01,湘南サーファー,しょうなんさーふぁー,関東,神奈川,名物,進化Lv1,ノーマル
ill_982_shounansurfer02,湘南サーファー,しょうなんさーふぁー,関東,神奈川,名物,進化Lv2,ノーマル
ill_983_shounansurfer03,湘南サーファー,しょうなんさーふぁー,関東,神奈川,名物,進化Lv3,ノーマル
ill_1051_arupinist01,アルピニスト,あるぴにすと,無所属,無所属,名物,進化Lv1,ノーマル
ill_1052_arupinist02,アルピニスト,あるぴにすと,無所属,無所属,名物,進化Lv2,ノーマル
ill_1053_arupinist03,アルピニスト,あるぴにすと,無所属,無所属,名物,進化Lv3,ノーマル
ill_1061_ningyo01,人魚,にんぎょ,無所属,無所属,伝承,進化Lv1,ノーマル
ill_1062_ningyo02,人魚,にんぎょ,無所属,無所属,伝承,進化Lv2,ノーマル
ill_1063_ningyo03,人魚,にんぎょ,無所属,無所属,伝承,進化Lv3,ノーマル
ill_1201_komenouka01,米農家,こめのうか,中部,新潟,飲食,進化Lv1,ノーマル
ill_1202_komenouka02,米農家,こめのうか,中部,新潟,飲食,進化Lv2,ノーマル
ill_1203_komenouka03,米農家,こめのうか,中部,新潟,飲食,進化Lv3,ノーマル
ill_1231_onikuma01,鬼熊,おにくま,中部,長野,妖怪,進化Lv1,ノーマル
ill_1232_onikuma02,鬼熊,おにくま,中部,長野,妖怪,進化Lv2,ノーマル
ill_1233_onikuma03,鬼熊,おにくま,中部,長野,妖怪,進化Lv3,ノーマル
ill_1291_momochan01,モモちゃん,ももちゃん,中部,山梨,飲食,進化Lv1,ノーマル
ill_1292_momochan02,モモちゃん,ももちゃん,中部,山梨,飲食,進化Lv2,ノーマル
ill_1293_momochan03,モモちゃん,ももちゃん,中部,山梨,飲食,進化Lv3,ノーマル
ill_1301_budouchan01,ブドウちゃん,ぶどうちゃん,中部,山梨,飲食,進化Lv1,ノーマル
ill_1302_budouchan02,ブドウちゃん,ぶどうちゃん,中部,山梨,飲食,進化Lv2,ノーマル
ill_1303_budouchan03,ブドウちゃん,ぶどうちゃん,中部,山梨,飲食,進化Lv3,ノーマル
ill_1311_sommelier01,ソムリエ,そむりえ,中部,山梨,名物,進化Lv1,ノーマル
ill_1312_sommelier02,ソムリエ,そむりえ,中部,山梨,名物,進化Lv2,ノーマル
ill_1313_sommelier03,ソムリエ,そむりえ,中部,山梨,名物,進化Lv3,ノーマル
ill_1341_chatsumimusume01,茶摘み娘,ちゃつみむすめ,中部,静岡,飲食,進化Lv1,ノーマル
ill_1342_chatsumimusume02,茶摘み娘,ちゃつみむすめ,中部,静岡,飲食,進化Lv2,ノーマル
ill_1343_chatsumimusume03,茶摘み娘,ちゃつみむすめ,中部,静岡,飲食,進化Lv3,ノーマル
ill_1351_konohatengu01,木の葉天狗,このはてんぐ,中部,静岡,妖怪,進化Lv1,ノーマル
ill_1352_konohatengu02,木の葉天狗,このはてんぐ,中部,静岡,妖怪,進化Lv2,ノーマル
ill_1353_konohatengu03,木の葉天狗,このはてんぐ,中部,静岡,妖怪,進化Lv3,ノーマル
ill_1451_ukai01,鵜飼い,うかい,中部,岐阜,名物,進化Lv1,ノーマル
ill_1452_ukai02,鵜飼い,うかい,中部,岐阜,名物,進化Lv2,ノーマル
ill_1453_ukai03,鵜飼い,うかい,中部,岐阜,名物,進化Lv3,ノーマル
ill_1461_oniiwa01,鬼岩,おにいわ,中部,岐阜,妖怪,進化Lv1,ノーマル
ill_1462_oniiwa02,鬼岩,おにいわ,中部,岐阜,妖怪,進化Lv2,ノーマル
ill_1463_oniiwa03,鬼岩,おにいわ,中部,岐阜,妖怪,進化Lv3,ノーマル
ill_1471_sarutorahebi01,さるとらへび,さるとらへび,中部,岐阜,妖怪,進化Lv1,ノーマル
ill_1472_sarutorahebi02,さるとらへび,さるとらへび,中部,岐阜,妖怪,進化Lv2,ノーマル
ill_1473_sarutorahebi03,さるとらへび,さるとらへび,中部,岐阜,妖怪,進化Lv3,ノーマル
ill_1571_kouganinja01,甲賀忍者,こうがにんじゃ,近畿,滋賀,知性派,進化Lv1,ノーマル
ill_1572_kouganinja02,甲賀忍者,こうがにんじゃ,近畿,滋賀,知性派,進化Lv2,ノーマル
ill_1573_kouganinja03,甲賀忍者,こうがにんじゃ,近畿,滋賀,知性派,進化Lv3,ノーマル
ill_1611_hurpsousya01,ハープ奏者,はーぷそうしゃ,中部,福井,名物,進化Lv1,ノーマル
ill_1612_hurpsousya02,ハープ奏者,はーぷそうしゃ,中部,福井,名物,進化Lv2,ノーマル
ill_1613_hurpsousya03,ハープ奏者,はーぷそうしゃ,中部,福井,名物,進化Lv3,ノーマル
ill_1621_sugitagenpaku01,杉田玄白,すぎたげんぱく,中部,福井,偉人,進化Lv1,ノーマル
ill_1622_sugitagenpaku02,杉田玄白,すぎたげんぱく,中部,福井,偉人,進化Lv2,ノーマル
ill_1623_sugitagenpaku03,杉田玄白,すぎたげんぱく,中部,福井,偉人,進化Lv3,ノーマル
ill_1631_kasekihakkutumusume01,化石発掘娘,かせきはっくつむすめ,中部,福井,名物,進化Lv1,ノーマル
ill_1632_kasekihakkutumusume02,化石発掘娘,かせきはっくつむすめ,中部,福井,名物,進化Lv2,ノーマル
ill_1633_kasekihakkutumusume03,化石発掘娘,かせきはっくつむすめ,中部,福井,名物,進化Lv3,ノーマル
ill_1731_iganinja01,伊賀忍者,いがにんじゃ,近畿,三重,知性派,進化Lv1,ノーマル
ill_1732_iganinja02,伊賀忍者,いがにんじゃ,近畿,三重,知性派,進化Lv2,ノーマル
ill_1733_iganinja03,伊賀忍者,いがにんじゃ,近畿,三重,知性派,進化Lv3,ノーマル
ill_1741_karasutengu01,カラス天狗,からすてんぐ,近畿,和歌山,妖怪,進化Lv1,ノーマル
ill_1742_karasutengu02,カラス天狗,からすてんぐ,近畿,和歌山,妖怪,進化Lv2,ノーマル
ill_1743_karasutengu03,カラス天狗,からすてんぐ,近畿,和歌山,妖怪,進化Lv3,ノーマル
ill_1831_kidoumaru01,鬼童丸,きどうまる,近畿,京都,妖怪,進化Lv1,ノーマル
ill_1832_kidoumaru02,鬼童丸,きどうまる,近畿,京都,妖怪,進化Lv2,ノーマル
ill_1833_kidoumaru03,鬼童丸,きどうまる,近畿,京都,妖怪,進化Lv3,ノーマル
ill_1841_maikosan01,舞妓さん,まいこさん,近畿,京都,名物,進化Lv1,ノーマル
ill_1842_maikosan02,舞妓さん,まいこさん,近畿,京都,名物,進化Lv2,ノーマル
ill_1843_maikosan03,舞妓さん,まいこさん,近畿,京都,名物,進化Lv3,ノーマル
ill_1851_kuramatengu01,鞍馬天狗,くらまてんぐ,近畿,京都,妖怪,進化Lv1,ノーマル
ill_1852_kuramatengu02,鞍馬天狗,くらまてんぐ,近畿,京都,妖怪,進化Lv2,ノーマル
ill_1853_kuramatengu03,鞍馬天狗,くらまてんぐ,近畿,京都,妖怪,進化Lv3,ノーマル
ill_2021_osakabehime01,長壁姫,おさかべひめ,近畿,兵庫,妖怪,進化Lv1,ノーマル
ill_2022_osakabehime02,長壁姫,おさかべひめ,近畿,兵庫,妖怪,進化Lv2,ノーマル
ill_2023_osakabehime03,長壁姫,おさかべひめ,近畿,兵庫,妖怪,進化Lv3,ノーマル
ill_2151_ayakashi01,アヤカシ,あやかし,中国・四国,山口,妖怪,進化Lv1,ノーマル
ill_2152_ayakashi02,アヤカシ,あやかし,中国・四国,山口,妖怪,進化Lv2,ノーマル
ill_2153_ayakashi03,アヤカシ,あやかし,中国・四国,山口,妖怪,進化Lv3,ノーマル
ill_2181_takasugishinsaku01,高杉晋作,たかすぎしんさく,中国・四国,山口,武人,進化Lv1,ノーマル
ill_2182_takasugishinsaku02,高杉晋作,たかすぎしんさく,中国・四国,山口,武人,進化Lv2,ノーマル
ill_2183_takasugishinsaku03,高杉晋作,たかすぎしんさく,中国・四国,山口,武人,進化Lv3,ノーマル
ill_2191_awaodori01,阿波踊り,あわおどり,中国・四国,徳島,名物,進化Lv1,ノーマル
ill_2192_awaodori02,阿波踊り,あわおどり,中国・四国,徳島,名物,進化Lv2,ノーマル
ill_2193_awaodori03,阿波踊り,あわおどり,中国・四国,徳島,名物,進化Lv3,ノーマル
ill_2201_yosuzume01,夜雀,よすずめ,中国・四国,高知,妖怪,進化Lv1,ノーマル
ill_2202_yosuzume02,夜雀,よすずめ,中国・四国,高知,妖怪,進化Lv2,ノーマル
ill_2203_yosuzume03,夜雀,よすずめ,中国・四国,高知,妖怪,進化Lv3,ノーマル
ill_2221_itagakitaisuke01,板垣退助,いたがきたいすけ,中国・四国,高知,偉人,進化Lv1,ノーマル
ill_2222_itagakitaisuke02,板垣退助,いたがきたいすけ,中国・四国,高知,偉人,進化Lv2,ノーマル
ill_2223_itagakitaisuke03,板垣退助,いたがきたいすけ,中国・四国,高知,偉人,進化Lv3,ノーマル
ill_2241_hakatabijin01,博多美人,はかたびじん,九州・沖縄,福岡,名物,進化Lv1,ノーマル
ill_2242_hakatabijin02,博多美人,はかたびじん,九州・沖縄,福岡,名物,進化Lv2,ノーマル
ill_2243_hakatabijin03,博多美人,はかたびじん,九州・沖縄,福岡,名物,進化Lv3,ノーマル
ill_2301_hakataningyou01,博多人形,はかたにんぎょう,九州・沖縄,福岡,名物,進化Lv1,ノーマル
ill_2302_hakataningyou02,博多人形,はかたにんぎょう,九州・沖縄,福岡,名物,進化Lv2,ノーマル
ill_2303_hakataningyou03,博多人形,はかたにんぎょう,九州・沖縄,福岡,名物,進化Lv3,ノーマル
ill_2331_bijinsama01,ビジンサマ,びじんさま,中部,長野,神秘,進化Lv1,ノーマル
ill_2332_bijinsama02,ビジンサマ,びじんさま,中部,長野,神秘,進化Lv2,ノーマル
ill_2333_bijinsama03,ビジンサマ,びじんさま,中部,長野,神秘,進化Lv3,ノーマル
ill_2351_gazamichan01,ガザミちゃん,がざみちゃん,九州・沖縄,佐賀,飲食,進化Lv1,ノーマル
ill_2352_gazamichan02,ガザミちゃん,がざみちゃん,九州・沖縄,佐賀,飲食,進化Lv2,ノーマル
ill_2353_gazamichan03,ガザミちゃん,がざみちゃん,九州・沖縄,佐賀,飲食,進化Lv3,ノーマル
ill_2361_mutsugorou01,ムツゴロウ,むつごろう,九州・沖縄,佐賀,飲食,進化Lv1,ノーマル
ill_2362_mutsugorou02,ムツゴロウ,むつごろう,九州・沖縄,佐賀,飲食,進化Lv2,ノーマル
ill_2363_mutsugorou03,ムツゴロウ,むつごろう,九州・沖縄,佐賀,飲食,進化Lv3,ノーマル
ill_2371_daki01,ダキ,だき,九州・沖縄,佐賀,妖怪,進化Lv1,ノーマル
ill_2372_daki02,ダキ,だき,九州・沖縄,佐賀,妖怪,進化Lv2,ノーマル
ill_2373_daki03,ダキ,だき,九州・沖縄,佐賀,妖怪,進化Lv3,ノーマル
ill_2411_biidorozaikuchan01,ビードロ細工ちゃん,びーどろざいくちゃん,九州・沖縄,長崎,名物,進化Lv1,ノーマル
ill_2412_biidorozaikuchan02,ビードロ細工ちゃん,びーどろざいくちゃん,九州・沖縄,長崎,名物,進化Lv2,ノーマル
ill_2413_biidorozaikuchan03,ビードロ細工ちゃん,びーどろざいくちゃん,九州・沖縄,長崎,名物,進化Lv3,ノーマル
ill_2421_syouroukaze01,精霊風,しょうろうかぜ,九州・沖縄,長崎,妖怪,進化Lv1,ノーマル
ill_2422_syouroukaze02,精霊風,しょうろうかぜ,九州・沖縄,長崎,妖怪,進化Lv2,ノーマル
ill_2423_syouroukaze03,精霊風,しょうろうかぜ,九州・沖縄,長崎,妖怪,進化Lv3,ノーマル
ill_2441_siebold01,シーボルト,しーぼると,九州・沖縄,長崎,偉人,進化Lv1,ノーマル
ill_2442_siebold02,シーボルト,しーぼると,九州・沖縄,長崎,偉人,進化Lv2,ノーマル
ill_2443_siebold03,シーボルト,しーぼると,九州・沖縄,長崎,偉人,進化Lv3,ノーマル
ill_2481_boze01,ボゼ,ぼぜ,九州・沖縄,鹿児島,名物,進化Lv1,ノーマル
ill_2482_boze02,ボゼ,ぼぜ,九州・沖縄,鹿児島,名物,進化Lv2,ノーマル
ill_2483_boze03,ボゼ,ぼぜ,九州・沖縄,鹿児島,名物,進化Lv3,ノーマル
ill_2491_muitichigoro01,ムィティチゴロ,むぃてぃちごろ,九州・沖縄,鹿児島,妖怪,進化Lv1,ノーマル
ill_2492_muitichigoro02,ムィティチゴロ,むぃてぃちごろ,九州・沖縄,鹿児島,妖怪,進化Lv2,ノーマル
ill_2493_muitichigoro03,ムィティチゴロ,むぃてぃちごろ,九州・沖縄,鹿児島,妖怪,進化Lv3,ノーマル
ill_2531_shisa01,シーサー,しーさー,九州・沖縄,沖縄,名物,進化Lv1,ノーマル
ill_2532_shisa02,シーサー,しーさー,九州・沖縄,沖縄,名物,進化Lv2,ノーマル
ill_2533_shisa03,シーサー,しーさー,九州・沖縄,沖縄,名物,進化Lv3,ノーマル
ill_3001_nezumikozou01,鼠小僧,ねずみこぞう,関東,東京,知性派,進化Lv1,ノーマル
ill_3002_nezumikozou02,鼠小僧,ねずみこぞう,関東,東京,知性派,進化Lv2,ノーマル
ill_3003_nezumikozou03,鼠小僧,ねずみこぞう,関東,東京,知性派,進化Lv3,ノーマル
ill_3211_ashibetsushishi01,芦別獅子,あしべつしし,北海道・東北,北海道,名物,進化Lv1,ノーマル
ill_3212_ashibetsushishi02,芦別獅子,あしべつしし,北海道・東北,北海道,名物,進化Lv2,ノーマル
ill_3213_ashibetsushishi03,芦別獅子,あしべつしし,北海道・東北,北海道,名物,進化Lv3,ノーマル
ill_3221_chakkirako01,チャッキラコ,ちゃっきらこ,関東,神奈川,名物,進化Lv1,ノーマル
ill_3222_chakkirako02,チャッキラコ,ちゃっきらこ,関東,神奈川,名物,進化Lv2,ノーマル
ill_3223_chakkirako03,チャッキラコ,ちゃっきらこ,関東,神奈川,名物,進化Lv3,ノーマル
ill_3251_hitotsumenyudou01,一つ目入道,ひとつめにゅうどう,中部,新潟,妖怪,進化Lv1,ノーマル
ill_3252_hitotsumenyudou02,一つ目入道,ひとつめにゅうどう,中部,新潟,妖怪,進化Lv2,ノーマル
ill_3253_hitotsumenyudou03,一つ目入道,ひとつめにゅうどう,中部,新潟,妖怪,進化Lv3,ノーマル
ill_3261_bakekujira01,化け鯨,ばけくじら,中部,石川,妖怪,進化Lv1,ノーマル
ill_3262_bakekujira02,化け鯨,ばけくじら,中部,石川,妖怪,進化Lv2,ノーマル
ill_3263_bakekujira03,化け鯨,ばけくじら,中部,石川,妖怪,進化Lv3,ノーマル
ill_3271_jorougumo01,女郎蜘蛛,じょろうぐも,北海道・東北,宮城,妖怪,進化Lv1,ノーマル
ill_3272_jorougumo02,女郎蜘蛛,じょろうぐも,北海道・東北,宮城,妖怪,進化Lv2,ノーマル
ill_3273_jorougumo03,女郎蜘蛛,じょろうぐも,北海道・東北,宮城,妖怪,進化Lv3,ノーマル
ill_3281_kaihime01,甲斐姫,かいひめ,関東,埼玉,姫,進化Lv1,ノーマル
ill_3282_kaihime02,甲斐姫,かいひめ,関東,埼玉,姫,進化Lv2,ノーマル
ill_3283_kaihime03,甲斐姫,かいひめ,関東,埼玉,姫,進化Lv3,ノーマル
ill_3331_ippen01,一遍,いっぺん,中国・四国,愛媛,偉人,進化Lv1,ノーマル
ill_3332_ippen02,一遍,いっぺん,中国・四国,愛媛,偉人,進化Lv2,ノーマル
ill_3333_ippen03,一遍,いっぺん,中国・四国,愛媛,偉人,進化Lv3,ノーマル
ill_3421_oryou01,おりょう,おりょう,九州・沖縄,宮崎,姫,進化Lv1,ノーマル
ill_3422_oryou02,おりょう,おりょう,九州・沖縄,宮崎,姫,進化Lv2,ノーマル
ill_3423_oryou03,おりょう,おりょう,九州・沖縄,宮崎,姫,進化Lv3,ノーマル
ill_3431_gouhime01,豪姫,ごうひめ,中国・四国,岡山,姫,進化Lv1,ノーマル
ill_3432_gouhime02,豪姫,ごうひめ,中国・四国,岡山,姫,進化Lv2,ノーマル
ill_3433_gouhime03,豪姫,ごうひめ,中国・四国,岡山,姫,進化Lv3,ノーマル
ill_3441_kougakunoichi01,甲賀くノ一,こうがくのいち,近畿,滋賀,姫,進化Lv1,ノーマル
ill_3442_kougakunoichi02,甲賀くノ一,こうがくのいち,近畿,滋賀,姫,進化Lv2,ノーマル
ill_3443_kougakunoichi03,甲賀くノ一,こうがくのいち,近畿,滋賀,姫,進化Lv3,ノーマル
ill_3491_mangochan01,マンゴーちゃん,まんごーちゃん,九州・沖縄,宮崎,飲食,進化Lv1,ノーマル
ill_3492_mangochan02,マンゴーちゃん,まんごーちゃん,九州・沖縄,宮崎,飲食,進化Lv2,ノーマル
ill_3493_mangochan03,マンゴーちゃん,まんごーちゃん,九州・沖縄,宮崎,飲食,進化Lv3,ノーマル
ill_3501_mikanchan01,ミカンちゃん,みかんちゃん,中国・四国,愛媛,飲食,進化Lv1,ノーマル
ill_3502_mikanchan02,ミカンちゃん,みかんちゃん,中国・四国,愛媛,飲食,進化Lv2,ノーマル
ill_3503_mikanchan03,ミカンちゃん,みかんちゃん,中国・四国,愛媛,飲食,進化Lv3,ノーマル
ill_3571_kusuriuri01,薬売り,くすりうり,中部,富山,名物,進化Lv1,ノーマル
ill_3572_kusuriuri02,薬売り,くすりうり,中部,富山,名物,進化Lv2,ノーマル
ill_3573_kusuriuri03,薬売り,くすりうり,中部,富山,名物,進化Lv3,ノーマル
ill_3621_sanukiudonchan01,讃岐うどんちゃん,さぬきうどんちゃん,中国・四国,香川,飲食,進化Lv1,ノーマル
ill_3622_sanukiudonchan02,讃岐うどんちゃん,さぬきうどんちゃん,中国・四国,香川,飲食,進化Lv2,ノーマル
ill_3623_sanukiudonchan03,讃岐うどんちゃん,さぬきうどんちゃん,中国・四国,香川,飲食,進化Lv3,ノーマル
ill_3631_komatsuhime01,小松姫,こまつひめ,中部,長野,姫,進化Lv1,ノーマル
ill_3632_komatsuhime02,小松姫,こまつひめ,中部,長野,姫,進化Lv2,ノーマル
ill_3633_komatsuhime03,小松姫,こまつひめ,中部,長野,姫,進化Lv3,ノーマル
ill_3641_otonjouro01,おとんじょろう,おとんじょろう,中国・四国,鳥取,妖怪,進化Lv1,ノーマル
ill_3642_otonjouro02,おとんじょろう,おとんじょろう,中国・四国,鳥取,妖怪,進化Lv2,ノーマル
ill_3643_otonjouro03,おとんじょろう,おとんじょろう,中国・四国,鳥取,妖怪,進化Lv3,ノーマル
ill_3651_keizoubou01,桂蔵坊,けいぞうぼう,中国・四国,鳥取,妖怪,進化Lv1,ノーマル
ill_3652_keizoubou02,桂蔵坊,けいぞうぼう,中国・四国,鳥取,妖怪,進化Lv2,ノーマル
ill_3653_keizoubou03,桂蔵坊,けいぞうぼう,中国・四国,鳥取,妖怪,進化Lv3,ノーマル
ill_3691_kiyohime01,清姫,きよひめ,近畿,和歌山,妖怪,進化Lv1,ノーマル
ill_3692_kiyohime02,清姫,きよひめ,近畿,和歌山,妖怪,進化Lv2,ノーマル
ill_3693_kiyohime03,清姫,きよひめ,近畿,和歌山,妖怪,進化Lv3,ノーマル
ill_3791_hachikazukihime01,鉢かづき姫,はちかづきひめ,近畿,大阪,伝承,進化Lv1,ノーマル
ill_3792_hachikazukihime02,鉢かづき姫,はちかづきひめ,近畿,大阪,伝承,進化Lv2,ノーマル
ill_3793_hachikazukihime03,鉢かづき姫,はちかづきひめ,近畿,大阪,伝承,進化Lv3,ノーマル
ill_3811_zan01,ザン,ざん,九州・沖縄,沖縄,妖怪,進化Lv1,ノーマル
ill_3812_zan02,ザン,ざん,九州・沖縄,沖縄,妖怪,進化Lv2,ノーマル
ill_3813_zan03,ザン,ざん,九州・沖縄,沖縄,妖怪,進化Lv3,ノーマル
ill_3831_numagozen01,沼御前,ぬまごぜん,北海道・東北,福島,妖怪,進化Lv1,ノーマル
ill_3832_numagozen02,沼御前,ぬまごぜん,北海道・東北,福島,妖怪,進化Lv2,ノーマル
ill_3833_numagozen03,沼御前,ぬまごぜん,北海道・東北,福島,妖怪,進化Lv3,ノーマル
ill_3841_tsuruhime01,鶴姫,つるひめ,中国・四国,愛媛,伝承,進化Lv1,ノーマル
ill_3842_tsuruhime02,鶴姫,つるひめ,中国・四国,愛媛,伝承,進化Lv2,ノーマル
ill_3843_tsuruhime03,鶴姫,つるひめ,中国・四国,愛媛,伝承,進化Lv3,ノーマル
ill_3851_isora01,磯良,いそら,中国・四国,岡山,妖怪,進化Lv1,ノーマル
ill_3852_isora02,磯良,いそら,中国・四国,岡山,妖怪,進化Lv2,ノーマル
ill_3853_isora03,磯良,いそら,中国・四国,岡山,妖怪,進化Lv3,ノーマル
ill_3871_sotoorihime01,衣通姫,そとおりひめ,近畿,和歌山,伝承,進化Lv1,ノーマル
ill_3872_sotoorihime02,衣通姫,そとおりひめ,近畿,和歌山,伝承,進化Lv2,ノーマル
ill_3873_sotoorihime03,衣通姫,そとおりひめ,近畿,和歌山,伝承,進化Lv3,ノーマル
ill_3901_shippeitarou01,しっぺい太郎,しっぺいたろう,中部,静岡,伝承,進化Lv1,ノーマル
ill_3902_shippeitarou02,しっぺい太郎,しっぺいたろう,中部,静岡,伝承,進化Lv2,ノーマル
ill_3903_shippeitarou03,しっぺい太郎,しっぺいたろう,中部,静岡,伝承,進化Lv3,ノーマル
ill_3971_tesso01,鉄鼠,てっそ,近畿,滋賀,妖怪,進化Lv1,ノーマル
ill_3972_tesso02,鉄鼠,てっそ,近畿,滋賀,妖怪,進化Lv2,ノーマル
ill_3973_tesso03,鉄鼠,てっそ,近畿,滋賀,妖怪,進化Lv3,ノーマル
ill_3981_hiroshimahuokonomiyakichan01,広島風お好み焼きちゃん,ひろしまふうおこのみやきちゃん,中国・四国,広島,飲食,進化Lv1,ノーマル
ill_3982_hiroshimahuokonomiyakichan02,広島風お好み焼きちゃん,ひろしまふうおこのみやきちゃん,中国・四国,広島,飲食,進化Lv2,ノーマル
ill_3983_hiroshimahuokonomiyakichan03,広島風お好み焼きちゃん,ひろしまふうおこのみやきちゃん,中国・四国,広島,飲食,進化Lv3,ノーマル
ill_4021_amamehagi01,アマメハギ,あまめはぎ,中部,石川,妖怪,進化Lv1,ノーマル
ill_4022_amamehagi02,アマメハギ,あまめはぎ,中部,石川,妖怪,進化Lv2,ノーマル
ill_4023_amamehagi03,アマメハギ,あまめはぎ,中部,石川,妖怪,進化Lv3,ノーマル
ill_4071_higokokunoneko01,肥後国の猫,ひごこくのねこ,九州・沖縄,熊本,妖怪,進化Lv1,ノーマル
ill_4072_higokokunoneko02,肥後国の猫,ひごこくのねこ,九州・沖縄,熊本,妖怪,進化Lv2,ノーマル
ill_4073_higokokunoneko03,肥後国の猫,ひごこくのねこ,九州・沖縄,熊本,妖怪,進化Lv3,ノーマル
ill_4081_koujosiragiku01,孝女白菊,こうじょしらぎく,九州・沖縄,熊本,伝承,進化Lv1,ノーマル
ill_4082_koujosiragiku02,孝女白菊,こうじょしらぎく,九州・沖縄,熊本,伝承,進化Lv2,ノーマル
ill_4083_koujosiragiku03,孝女白菊,こうじょしらぎく,九州・沖縄,熊本,伝承,進化Lv3,ノーマル
ill_4091_onagisan01,おなぎさん,おなぎさん,中国・四国,香川,伝承,進化Lv1,ノーマル
ill_4092_onagisan02,おなぎさん,おなぎさん,中国・四国,香川,伝承,進化Lv2,ノーマル
ill_4093_onagisan03,おなぎさん,おなぎさん,中国・四国,香川,伝承,進化Lv3,ノーマル
ill_4141_wakanahime01,若菜姫,わかなひめ,九州・沖縄,大分,姫,進化Lv1,ノーマル
ill_4142_wakanahime02,若菜姫,わかなひめ,九州・沖縄,大分,姫,進化Lv2,ノーマル
ill_4143_wakanahime03,若菜姫,わかなひめ,九州・沖縄,大分,姫,進化Lv3,ノーマル
ill_4151_umijigokuchan01,海地獄ちゃん,うみじごくちゃん,九州・沖縄,大分,名物,進化Lv1,ノーマル
ill_4152_umijigokuchan02,海地獄ちゃん,うみじごくちゃん,九州・沖縄,大分,名物,進化Lv2,ノーマル
ill_4153_umijigokuchan03,海地獄ちゃん,うみじごくちゃん,九州・沖縄,大分,名物,進化Lv3,ノーマル
ill_4161_nagareandon01,流れ行燈,ながれあんどん,九州・沖縄,大分,妖怪,進化Lv1,ノーマル
ill_4162_nagareandon02,流れ行燈,ながれあんどん,九州・沖縄,大分,妖怪,進化Lv2,ノーマル
ill_4163_nagareandon03,流れ行燈,ながれあんどん,九州・沖縄,大分,妖怪,進化Lv3,ノーマル
ill_4231_chulipchan01,チューリップちゃん,ちゅーりっぷちゃん,中部,富山,名物,進化Lv1,ノーマル
ill_4232_chulipchan02,チューリップちゃん,ちゅーりっぷちゃん,中部,富山,名物,進化Lv2,ノーマル
ill_4233_chulipchan03,チューリップちゃん,ちゅーりっぷちゃん,中部,富山,名物,進化Lv3,ノーマル
ill_4261_narutonouzusiochan01,鳴門の渦潮ちゃん,なるとのうずしおちゃん,中国・四国,徳島,名物,進化Lv1,ノーマル
ill_4262_narutonouzusiochan02,鳴門の渦潮ちゃん,なるとのうずしおちゃん,中国・四国,徳島,名物,進化Lv2,ノーマル
ill_4263_narutonouzusiochan03,鳴門の渦潮ちゃん,なるとのうずしおちゃん,中国・四国,徳島,名物,進化Lv3,ノーマル
ill_4291_hachisukayoshishige01,蜂須賀至鎮,はちすかよししげ,中国・四国,徳島,武人,進化Lv1,ノーマル
ill_4292_hachisukayoshishige02,蜂須賀至鎮,はちすかよししげ,中国・四国,徳島,武人,進化Lv2,ノーマル
ill_4293_hachisukayoshishige03,蜂須賀至鎮,はちすかよししげ,中国・四国,徳島,武人,進化Lv3,ノーマル
ill_4311_nureonna01,濡れ女,ぬれおんな,無所属,無所属,妖怪,進化Lv1,ノーマル
ill_4312_nureonna02,濡れ女,ぬれおんな,無所属,無所属,妖怪,進化Lv2,ノーマル
ill_4313_nureonna03,濡れ女,ぬれおんな,無所属,無所属,妖怪,進化Lv3,ノーマル
ill_4341_tamiyaboutarou01,田宮坊太郎,たみやぼうたろう,中国・四国,香川,武人,進化Lv1,ノーマル
ill_4342_tamiyaboutarou02,田宮坊太郎,たみやぼうたろう,中国・四国,香川,武人,進化Lv2,ノーマル
ill_4343_tamiyaboutarou03,田宮坊太郎,たみやぼうたろう,中国・四国,香川,武人,進化Lv3,ノーマル
ill_4401_ankokujiekei01,安国寺恵瓊,あんこくじえけい,中国・四国,広島,武人,進化Lv1,ノーマル
ill_4402_ankokujiekei02,安国寺恵瓊,あんこくじえけい,中国・四国,広島,武人,進化Lv2,ノーマル
ill_4403_ankokujiekei03,安国寺恵瓊,あんこくじえけい,中国・四国,広島,武人,進化Lv3,ノーマル
ill_4411_youzenin01,瑤泉院,ようぜんいん,中国・四国,広島,姫,進化Lv1,ノーマル
ill_4412_youzenin02,瑤泉院,ようぜんいん,中国・四国,広島,姫,進化Lv2,ノーマル
ill_4413_youzenin03,瑤泉院,ようぜんいん,中国・四国,広島,姫,進化Lv3,ノーマル
ill_4471_ittanmomen01,一反木綿,いったんもめん,九州・沖縄,鹿児島,妖怪,進化Lv1,ノーマル
ill_4472_ittanmomen02,一反木綿,いったんもめん,九州・沖縄,鹿児島,妖怪,進化Lv2,ノーマル
ill_4473_ittanmomen03,一反木綿,いったんもめん,九州・沖縄,鹿児島,妖怪,進化Lv3,ノーマル
ill_4481_kijimuna01,キジムナー,きじむなー,九州・沖縄,沖縄,妖怪,進化Lv1,ノーマル
ill_4482_kijimuna02,キジムナー,きじむなー,九州・沖縄,沖縄,妖怪,進化Lv2,ノーマル
ill_4483_kijimuna03,キジムナー,きじむなー,九州・沖縄,沖縄,妖怪,進化Lv3,ノーマル
ill_4511_shimizumuneharu01,清水宗治,しみずむねはる,中国・四国,岡山,武人,進化Lv1,ノーマル
ill_4512_shimizumuneharu02,清水宗治,しみずむねはる,中国・四国,岡山,武人,進化Lv2,ノーマル
ill_4513_shimizumuneharu03,清水宗治,しみずむねはる,中国・四国,岡山,武人,進化Lv3,ノーマル
ill_4571_yamanakashikanosuke01,山中鹿之助,やまなかしかのすけ,中国・四国,島根,武人,進化Lv1,ノーマル
ill_4572_yamanakashikanosuke02,山中鹿之助,やまなかしかのすけ,中国・四国,島根,武人,進化Lv2,ノーマル
ill_4573_yamanakashikanosuke03,山中鹿之助,やまなかしかのすけ,中国・四国,島根,武人,進化Lv3,ノーマル
ill_4581_amagotsunehisa01,尼子経久,あまごつねひさ,中国・四国,島根,武人,進化Lv1,ノーマル
ill_4582_amagotsunehisa02,尼子経久,あまごつねひさ,中国・四国,島根,武人,進化Lv2,ノーマル
ill_4583_amagotsunehisa03,尼子経久,あまごつねひさ,中国・四国,島根,武人,進化Lv3,ノーマル
ill_4591_yagamihime01,八上姫,やがみひめ,中国・四国,鳥取,伝承,進化Lv1,ノーマル
ill_4592_yagamihime02,八上姫,やがみひめ,中国・四国,鳥取,伝承,進化Lv2,ノーマル
ill_4593_yagamihime03,八上姫,やがみひめ,中国・四国,鳥取,伝承,進化Lv3,ノーマル
ill_4621_itoumansho01,伊東マンショ,いとうまんしょ,九州・沖縄,宮崎,知性派,進化Lv1,ノーマル
ill_4622_itoumansho02,伊東マンショ,いとうまんしょ,九州・沖縄,宮崎,知性派,進化Lv2,ノーマル
ill_4623_itoumansho03,伊東マンショ,いとうまんしょ,九州・沖縄,宮崎,知性派,進化Lv3,ノーマル
ill_4881_kasinkoji01,果心居士,かしんこじ,九州・沖縄,福岡,伝承,進化Lv1,ノーマル
ill_4882_kasinkoji02,果心居士,かしんこじ,九州・沖縄,福岡,伝承,進化Lv2,ノーマル
ill_4883_kasinkoji03,果心居士,かしんこじ,九州・沖縄,福岡,伝承,進化Lv3,ノーマル
ill_4981_aburasumashi01,油すまし,あぶらすまし,九州・沖縄,熊本,妖怪,進化Lv1,ノーマル
ill_4982_aburasumashi02,油すまし,あぶらすまし,九州・沖縄,熊本,妖怪,進化Lv2,ノーマル
ill_4983_aburasumashi03,油すまし,あぶらすまし,九州・沖縄,熊本,妖怪,進化Lv3,ノーマル
ill_5101_irohahime01,五郎八姫,いろはひめ,北海道・東北,宮城,姫,進化Lv1,ノーマル
ill_5102_irohahime02,五郎八姫,いろはひめ,北海道・東北,宮城,姫,進化Lv2,ノーマル
ill_5103_irohahime03,五郎八姫,いろはひめ,北海道・東北,宮城,姫,進化Lv3,ノーマル
ill_5161_mekurabe01,目競,めくらべ,近畿,兵庫,妖怪,進化Lv1,ノーマル
ill_5162_mekurabe02,目競,めくらべ,近畿,兵庫,妖怪,進化Lv2,ノーマル
ill_5163_mekurabe03,目競,めくらべ,近畿,兵庫,妖怪,進化Lv3,ノーマル
ill_5281_hooranenya01,ホーランエンヤ,ほーらんえんや,中国・四国,島根,名物,進化Lv1,ノーマル
ill_5282_hooranenya02,ホーランエンヤ,ほーらんえんや,中国・四国,島根,名物,進化Lv2,ノーマル
ill_5283_hooranenya03,ホーランエンヤ,ほーらんえんや,中国・四国,島根,名物,進化Lv3,ノーマル
ill_5291_yuzennagashichan01,友禅流しちゃん,ゆうぜんながしちゃん,中部,石川,名物,進化Lv1,ノーマル
ill_5292_yuzennagashichan02,友禅流しちゃん,ゆうぜんながしちゃん,中部,石川,名物,進化Lv2,ノーマル
ill_5293_yuzennagashichan03,友禅流しちゃん,ゆうぜんながしちゃん,中部,石川,名物,進化Lv3,ノーマル
ill_5401_ebihuryachan01,えびふりゃあちゃん,えびふりゃあちゃん,中部,愛知,飲食,進化Lv1,ノーマル
ill_5402_ebihuryachan02,えびふりゃあちゃん,えびふりゃあちゃん,中部,愛知,飲食,進化Lv2,ノーマル
ill_5403_ebihuryachan03,えびふりゃあちゃん,えびふりゃあちゃん,中部,愛知,飲食,進化Lv3,ノーマル
ill_5431_otoragitsune01,おとら狐,おとらぎつね,中部,愛知,妖怪,進化Lv1,ノーマル
ill_5432_otoragitsune02,おとら狐,おとらぎつね,中部,愛知,妖怪,進化Lv2,ノーマル
ill_5433_otoragitsune03,おとら狐,おとらぎつね,中部,愛知,妖怪,進化Lv3,ノーマル
ill_5561_korobokkuru01,コロポックル,ころぽっくる,北海道・東北,北海道,神秘,進化Lv1,ノーマル
ill_5562_korobokkuru02,コロポックル,ころぽっくる,北海道・東北,北海道,神秘,進化Lv2,ノーマル
ill_5563_korobokkuru03,コロポックル,ころぽっくる,北海道・東北,北海道,神秘,進化Lv3,ノーマル
ill_5851_wankosobachan01,わんこそばちゃん,わんこそばちゃん,北海道・東北,岩手,飲食,進化Lv1,ノーマル
ill_5852_wankosobachan02,わんこそばちゃん,わんこそばちゃん,北海道・東北,岩手,飲食,進化Lv2,ノーマル
ill_5853_wankosobachan03,わんこそばちゃん,わんこそばちゃん,北海道・東北,岩手,飲食,進化Lv3,ノーマル
ill_6361_gyouzachan01,餃子ちゃん,ぎょうざちゃん,関東,栃木,飲食,進化Lv1,ノーマル
ill_6362_gyouzachan02,餃子ちゃん,ぎょうざちゃん,関東,栃木,飲食,進化Lv2,ノーマル
ill_6363_gyouzachan03,餃子ちゃん,ぎょうざちゃん,関東,栃木,飲食,進化Lv3,ノーマル
ill_6441_sunakakemusume01,砂かけ娘,すなかけむすめ,近畿,奈良,妖怪,進化Lv1,ノーマル
ill_6442_sunakakemusume02,砂かけ娘,すなかけむすめ,近畿,奈良,妖怪,進化Lv2,ノーマル
ill_6443_sunakakemusume03,砂かけ娘,すなかけむすめ,近畿,奈良,妖怪,進化Lv3,ノーマル
ill_6471_hugusashichan01,フグ刺しちゃん,ふぐさしちゃん,中国・四国,山口,飲食,進化Lv1,ノーマル
ill_6472_hugusashichan02,フグ刺しちゃん,ふぐさしちゃん,中国・四国,山口,飲食,進化Lv2,ノーマル
ill_6473_hugusashichan03,フグ刺しちゃん,ふぐさしちゃん,中国・四国,山口,飲食,進化Lv3,ノーマル
ill_6761_anekurahime01,姉倉比売,あねくらひめ,中部,富山,神秘,進化Lv1,ノーマル
ill_6762_anekurahime02,姉倉比売,あねくらひめ,中部,富山,神秘,進化Lv2,ノーマル
ill_6763_anekurahime03,姉倉比売,あねくらひめ,中部,富山,神秘,進化Lv3,ノーマル
ill_6841_madoreenuchan01,マドレーヌちゃん,まどれーぬちゃん,近畿,兵庫,飲食,進化Lv1,ノーマル
ill_6842_madoreenuchan02,マドレーヌちゃん,まどれーぬちゃん,近畿,兵庫,飲食,進化Lv2,ノーマル
ill_6843_madoreenuchan03,マドレーヌちゃん,まどれーぬちゃん,近畿,兵庫,飲食,進化Lv3,ノーマル
ill_6911_yosanoakiko01,与謝野晶子,よさのあきこ,近畿,大阪,知性派,進化Lv1,ノーマル
ill_6912_yosanoakiko02,与謝野晶子,よさのあきこ,近畿,大阪,知性派,進化Lv2,ノーマル
ill_6913_yosanoakiko03,与謝野晶子,よさのあきこ,近畿,大阪,知性派,進化Lv3,ノーマル
ill_6951_inoutadataka01,伊能忠敬,いのうただたか,関東,千葉,知性派,進化Lv1,ノーマル
ill_6952_inoutadataka02,伊能忠敬,いのうただたか,関東,千葉,知性派,進化Lv2,ノーマル
ill_6953_inoutadataka03,伊能忠敬,いのうただたか,関東,千葉,知性派,進化Lv3,ノーマル
ill_7081_tsutsuijunkei01,筒井順慶,つついじゅんけい,近畿,奈良,武人,進化Lv1,ノーマル
ill_7082_tsutsuijunkei02,筒井順慶,つついじゅんけい,近畿,奈良,武人,進化Lv2,ノーマル
ill_7083_tsutsuijunkei03,筒井順慶,つついじゅんけい,近畿,奈良,武人,進化Lv3,ノーマル
ill_7381_takigawaichimasu01,滝川一益,たきがわいちます,中部,愛知,武人,進化Lv1,ノーマル
ill_7382_takigawaichimasu02,滝川一益,たきがわいちます,中部,愛知,武人,進化Lv2,ノーマル
ill_7383_takigawaichimasu03,滝川一益,たきがわいちます,中部,愛知,武人,進化Lv3,ノーマル
ill_7681_sukajanmusume01,スカジャン娘,すかじゃんむすめ,関東,神奈川,名物,進化Lv1,ノーマル
ill_7682_sukajanmusume02,スカジャン娘,すかじゃんむすめ,関東,神奈川,名物,進化Lv2,ノーマル
ill_7683_sukajanmusume03,スカジャン娘,すかじゃんむすめ,関東,神奈川,名物,進化Lv3,ノーマル
ill_7691_nihonshuchan01,日本酒ちゃん,にほんしゅちゃん,中部,新潟,飲食,進化Lv1,ノーマル
ill_7692_nihonshuchan02,日本酒ちゃん,にほんしゅちゃん,中部,新潟,飲食,進化Lv2,ノーマル
ill_7693_nihonshuchan03,日本酒ちゃん,にほんしゅちゃん,中部,新潟,飲食,進化Lv3,ノーマル
ill_7701_shinjuchan01,真珠ちゃん,しんじゅちゃん,近畿,三重,名物,進化Lv1,ノーマル
ill_7702_shinjuchan02,真珠ちゃん,しんじゅちゃん,近畿,三重,名物,進化Lv2,ノーマル
ill_7703_shinjuchan03,真珠ちゃん,しんじゅちゃん,近畿,三重,名物,進化Lv3,ノーマル
/images/ill_7721_f1racer01.jpg?1357476651,F１レーサー,えふわんれーさー,近畿,三重,名物,進化Lv1,ノーマル
/images/ill_7722_f1racer02.jpg?1357531843,F１レーサー,えふわんれーさー,近畿,三重,名物,進化Lv2,ノーマル
/images/ill_7723_f1racer03.jpg?1357531850,F１レーサー,えふわんれーさー,近畿,三重,名物,進化Lv3,ノーマル
ill_7731_narajikachan01,奈良鹿ちゃん,ならじかちゃん,近畿,奈良,名物,進化Lv1,ノーマル
ill_7732_narajikachan02,奈良鹿ちゃん,ならじかちゃん,近畿,奈良,名物,進化Lv2,ノーマル
ill_7733_narajikachan03,奈良鹿ちゃん,ならじかちゃん,近畿,奈良,名物,進化Lv3,ノーマル
ill_8001_takoyakichan01,たこ焼きちゃん,たこやきちゃん,近畿,大阪,飲食,進化Lv1,ノーマル
ill_8002_takoyakichan02,たこ焼きちゃん,たこやきちゃん,近畿,大阪,飲食,進化Lv2,ノーマル
ill_8003_takoyakichan03,たこ焼きちゃん,たこやきちゃん,近畿,大阪,飲食,進化Lv3,ノーマル
ill_8021_nezumitaishi01,ねずみー隊士,ねずみーたいし,関東,千葉,武人,進化Lv1,ノーマル
ill_8022_nezumitaishi02,ねずみー隊士,ねずみーたいし,関東,千葉,武人,進化Lv2,ノーマル
ill_8023_nezumitaishi03,ねずみー隊士,ねずみーたいし,関東,千葉,武人,進化Lv3,ノーマル
ill_9341_tosaken01,土佐犬,とさけん,中国・四国,高知,名物,進化Lv1,ノーマル
ill_9342_tosaken02,土佐犬,とさけん,中国・四国,高知,名物,進化Lv2,ノーマル
ill_9343_tosaken03,土佐犬,とさけん,中国・四国,高知,名物,進化Lv3,ノーマル
ill_100001_manekisuzume01,招き雀,まねきすずめ,特殊素材,特殊素材,,進化Lv1,ノーマル
ill_100011_seichoudango01,成長だんご,せいちょうだんご,特殊素材,特殊素材,,進化Lv1,ノーマル
